fid,DN,Enregistre,Latitude,Longitude,Type,Milieu,surface
9076,"120",C-lisiere,45.062519999999999,-73.287289999999999,lisiere,foret,690.73562722496
9113,"6147",C-lisiere,45.062519999999999,-73.287289999999999,lisiere,foret,1085.44132299456
9128,"4623",C-foret,45.059890000000003,-73.288010000000000,foret,foret,98.6765112644061
9128,"4623",C-lisiere,45.062519999999999,-73.287289999999999,lisiere,foret,98.6765112644061
9152,"120",C-foret,45.059890000000003,-73.288010000000000,foret,foret,96.6659562917048
9152,"120",C-lisiere,45.062519999999999,-73.287289999999999,lisiere,foret,394.706082764984
9186,"6147",C-lisiere,45.062519999999999,-73.287289999999999,lisiere,foret,98.6764788098517
9213,"6147",C-foret,45.059890000000003,-73.288010000000000,foret,foret,98.676521753252
9214,"6147",C-lisiere,45.062519999999999,-73.287289999999999,lisiere,foret,98.6764796656498
9241,"120",C-foret,45.059890000000003,-73.288010000000000,foret,foret,493.382614243223
9315,"147",C-foret,45.059890000000003,-73.288010000000000,foret,foret,2325.21367638869
9315,"147",C-lisiere,45.062519999999999,-73.287289999999999,lisiere,foret,13158.1682547645
9319,"4529",C-foret,45.059890000000003,-73.288010000000000,foret,foret,9199.41632151761
9319,"4529",C-lisiere,45.062519999999999,-73.287289999999999,lisiere,foret,10735.5336543417
9333,"6147",C-foret,45.059890000000003,-73.288010000000000,foret,foret,394.706094449444
9359,"120",C-foret,45.059890000000003,-73.288010000000000,foret,foret,197.353050891834
9360,"4623",C-foret,45.059890000000003,-73.288010000000000,foret,foret,98.6765024667839
9360,"4623",C-lisiere,45.062519999999999,-73.287289999999999,lisiere,foret,98.6765024667839
9371,"4623",C-foret,45.059890000000003,-73.288010000000000,foret,foret,98.676503838622
9371,"4623",C-lisiere,45.062519999999999,-73.287289999999999,lisiere,foret,98.676503838622
9395,"4623",C-foret,45.059890000000003,-73.288010000000000,foret,foret,197.35301153356
9395,"4623",C-lisiere,45.062519999999999,-73.287289999999999,lisiere,foret,197.35301153356
9396,"6529",C-foret,45.059890000000003,-73.288010000000000,foret,foret,98.6764977341227
9396,"6529",C-lisiere,45.062519999999999,-73.287289999999999,lisiere,foret,98.6764977341227
9401,"6529",C-foret,45.059890000000003,-73.288010000000000,foret,foret,197.353013027925
9401,"6529",C-lisiere,45.062519999999999,-73.287289999999999,lisiere,foret,197.353013027925
9444,"6158",C-foret,45.059890000000003,-73.288010000000000,foret,foret,789.412209987
9445,"4623",C-foret,45.059890000000003,-73.288010000000000,foret,foret,98.6764964174654
9445,"4623",C-lisiere,45.062519999999999,-73.287289999999999,lisiere,foret,85.3769845943607
9461,"4623",C-foret,45.059890000000003,-73.288010000000000,foret,foret,1085.4414384838
9480,"4623",C-foret,45.059890000000003,-73.288010000000000,foret,foret,98.6765062718769
9509,"6529",C-foret,45.059890000000003,-73.288010000000000,foret,foret,98.6765046626679
9523,"4529",C-foret,45.059890000000003,-73.288010000000000,foret,foret,18353.8290027993
9523,"4529",C-lisiere,45.062519999999999,-73.287289999999999,lisiere,foret,5399.78266782872
9525,"6623",C-foret,45.059890000000003,-73.288010000000000,foret,foret,127143.936349558
9525,"6623",C-lisiere,45.062519999999999,-73.287289999999999,lisiere,foret,115781.189192388
9588,"6529",C-foret,45.059890000000003,-73.288010000000000,foret,foret,14656.9210874094
9588,"6529",C-lisiere,45.062519999999999,-73.287289999999999,lisiere,foret,18943.7279628564
9633,"6147",C-foret,45.059890000000003,-73.288010000000000,foret,foret,2664.26517960135
9707,"158",C-foret,45.059890000000003,-73.288010000000000,foret,foret,1531.42989972315
9708,"6623",C-foret,45.059890000000003,-73.288010000000000,foret,foret,8484.33306555534
9717,"6147",C-foret,45.059890000000003,-73.288010000000000,foret,foret,984.934211756132
9814,"4623",C-foret,45.059890000000003,-73.288010000000000,foret,foret,29046.6108124951
10206,"4529",C-foret,45.059890000000003,-73.288010000000000,foret,foret,826.431058998423
10207,"6529",C-foret,45.059890000000003,-73.288010000000000,foret,foret,56813.0617846605
10207,"6529",C-lisiere,45.062519999999999,-73.287289999999999,lisiere,foret,17540.5633052926
10811,"147",C-foret,45.059890000000003,-73.288010000000000,foret,foret,6514.86640126124
10811,"147",C-lisiere,45.062519999999999,-73.287289999999999,lisiere,foret,21790.3346664782
8525,"6547",C-lisiere,45.062519999999999,-73.287289999999999,lisiere,foret,88.0546646153962
8540,"6147",C-lisiere,45.062519999999999,-73.287289999999999,lisiere,foret,71.3470460764947
8558,"6147",C-lisiere,45.062519999999999,-73.287289999999999,lisiere,foret,296.029513980262
8605,"4623",C-lisiere,45.062519999999999,-73.287289999999999,lisiere,foret,16959.6278680062
8606,"6547",C-lisiere,45.062519999999999,-73.287289999999999,lisiere,foret,1184.11804676769
8619,"6147",C-lisiere,45.062519999999999,-73.287289999999999,lisiere,foret,986.765045148088
8652,"4147",C-lisiere,45.062519999999999,-73.287289999999999,lisiere,foret,296.029511704226
8720,"147",C-lisiere,45.062519999999999,-73.287289999999999,lisiere,foret,10576.7496862844
8721,"6547",C-lisiere,45.062519999999999,-73.287289999999999,lisiere,foret,986.765018645354
8745,"120",C-lisiere,45.062519999999999,-73.287289999999999,lisiere,foret,394.706049995031
8746,"120",C-lisiere,45.062519999999999,-73.287289999999999,lisiere,foret,197.353010084189
8747,"6547",C-lisiere,45.062519999999999,-73.287289999999999,lisiere,foret,888.08834453937
8765,"122",C-lisiere,45.062519999999999,-73.287289999999999,lisiere,foret,6271.11770227275
8770,"4547",C-lisiere,45.062519999999999,-73.287289999999999,lisiere,foret,19685.3697037727
8783,"6547",C-lisiere,45.062519999999999,-73.287289999999999,lisiere,foret,1874.85335456091
8798,"320",C-lisiere,45.062519999999999,-73.287289999999999,lisiere,foret,3585.13841382833
8817,"6320",C-lisiere,45.062519999999999,-73.287289999999999,lisiere,foret,3256.32433334147
8818,"6320",C-lisiere,45.062519999999999,-73.287289999999999,lisiere,foret,493.382421025774
8819,"6320",C-lisiere,45.062519999999999,-73.287289999999999,lisiere,foret,197.352957057825
8820,"6547",C-lisiere,45.062519999999999,-73.287289999999999,lisiere,foret,127.087857431499
8860,"120",C-lisiere,45.062519999999999,-73.287289999999999,lisiere,foret,2861.61876753942
8861,"320",C-lisiere,45.062519999999999,-73.287289999999999,lisiere,foret,1264.5974791645
8862,"6320",C-lisiere,45.062519999999999,-73.287289999999999,lisiere,foret,0.483559625092312
8960,"6147",C-lisiere,45.062519999999999,-73.287289999999999,lisiere,foret,197.353027931269
9016,"120",C-lisiere,45.062519999999999,-73.287289999999999,lisiere,foret,592.059096893703
9026,"6147",C-lisiere,45.062519999999999,-73.287289999999999,lisiere,foret,2861.61805029784
6717,"6147",E-lisiere,45.078769999999999,-73.227549999999994,lisiere,mixte,485.382340195301
6808,"6529",E-lisiere,45.078769999999999,-73.227549999999994,lisiere,mixte,4417.67989101348
6813,"2623",E-foret,45.076079999999997,-73.228089999999995,foret,mixte,0.103868951920958
6813,"2623",E-lisiere,45.078769999999999,-73.227549999999994,lisiere,mixte,5031.83179659469
6823,"6623",E-foret,45.076079999999997,-73.228089999999995,foret,mixte,2733.08833655162
6823,"6623",E-lisiere,45.078769999999999,-73.227549999999994,lisiere,mixte,35408.2830267106
6910,"2623",E-foret,45.076079999999997,-73.228089999999995,foret,mixte,528.370868990198
6927,"6147",E-foret,45.076079999999997,-73.228089999999995,foret,mixte,59.7579760589288
6969,"4623",E-foret,45.076079999999997,-73.228089999999995,foret,mixte,5871.5155337279
6969,"4623",E-lisiere,45.078769999999999,-73.227549999999994,lisiere,mixte,12999.0164332411
6976,"2623",E-foret,45.076079999999997,-73.228089999999995,foret,mixte,98.6760938278167
6983,"2623",E-foret,45.076079999999997,-73.228089999999995,foret,mixte,98.6760919234075
7021,"6147",E-foret,45.076079999999997,-73.228089999999995,foret,mixte,305.86898210214
7114,"6623",E-foret,45.076079999999997,-73.228089999999995,foret,mixte,7445.2927562049
7114,"6623",E-lisiere,45.078769999999999,-73.227549999999994,lisiere,mixte,1039.32843432906
7137,"6147",E-foret,45.076079999999997,-73.228089999999995,foret,mixte,464.007953719556
7217,"6623",E-foret,45.076079999999997,-73.228089999999995,foret,mixte,607.774786698865
7278,"2623",E-foret,45.076079999999997,-73.228089999999995,foret,mixte,126109.157842113
7278,"2623",E-lisiere,45.078769999999999,-73.227549999999994,lisiere,mixte,116037.602117481
7773,"2623",E-foret,45.076079999999997,-73.228089999999995,foret,mixte,46.5717818896374
8126,"2529",E-foret,45.076079999999997,-73.228089999999995,foret,mixte,138416.216842491
8126,"2529",E-lisiere,45.078769999999999,-73.227549999999994,lisiere,mixte,20928.5385820567
8609,"147",E-lisiere,45.078769999999999,-73.227549999999994,lisiere,mixte,2235.9612616548
6430,"6623",F-lisiere,45.085120000000003,-73.224699999999999,lisiere,mixte,1411.2868496131
6471,"6320",E-lisiere,45.078769999999999,-73.227549999999994,lisiere,mixte,94.2883473467373
6485,"6320",E-lisiere,45.078769999999999,-73.227549999999994,lisiere,mixte,197.352103317331
6501,"6529",E-lisiere,45.078769999999999,-73.227549999999994,lisiere,mixte,493.380268053326
6502,"6320",E-lisiere,45.078769999999999,-73.227549999999994,lisiere,mixte,197.352105163969
6517,"6320",E-lisiere,45.078769999999999,-73.227549999999994,lisiere,mixte,197.352107028652
6530,"2529",E-lisiere,45.078769999999999,-73.227549999999994,lisiere,mixte,31128.5989125775
6530,"2529",F-foret,45.086610000000000,-73.228030000000004,foret,mixte,125131.980211914
6530,"2529",F-lisiere,45.085120000000003,-73.224699999999999,lisiere,mixte,155597.45827441
6535,"4623",E-lisiere,45.078769999999999,-73.227549999999994,lisiere,mixte,324.445257032901
6549,"6529",E-lisiere,45.078769999999999,-73.227549999999994,lisiere,mixte,1184.11267552868
6560,"4147",E-lisiere,45.078769999999999,-73.227549999999994,lisiere,mixte,394.704346889368
6561,"6529",E-lisiere,45.078769999999999,-73.227549999999994,lisiere,mixte,197.352118539799
6569,"6147",E-lisiere,45.078769999999999,-73.227549999999994,lisiere,mixte,394.704343081423
6570,"6320",E-lisiere,45.078769999999999,-73.227549999999994,lisiere,mixte,296.028163605486
6584,"4623",E-lisiere,45.078769999999999,-73.227549999999994,lisiere,mixte,296.028261821135
6585,"6623",E-lisiere,45.078769999999999,-73.227549999999994,lisiere,mixte,11010.5589841798
6586,"6529",E-lisiere,45.078769999999999,-73.227549999999994,lisiere,mixte,98.6760574078653
6592,"6147",E-lisiere,45.078769999999999,-73.227549999999994,lisiere,mixte,197.352176270215
6593,"6000",E-lisiere,45.078769999999999,-73.227549999999994,lisiere,mixte,5476.62062204516
6593,"6000",F-foret,45.086610000000000,-73.228030000000004,foret,mixte,38350.415451766
6594,"6320",E-lisiere,45.078769999999999,-73.227549999999994,lisiere,mixte,197.352111104468
6600,"6147",E-lisiere,45.078769999999999,-73.227549999999994,lisiere,mixte,197.35216861486
6601,"6529",E-lisiere,45.078769999999999,-73.227549999999994,lisiere,mixte,296.028170875943
6604,"6320",E-lisiere,45.078769999999999,-73.227549999999994,lisiere,mixte,296.028209933196
6605,"6529",E-lisiere,45.078769999999999,-73.227549999999994,lisiere,mixte,98.6760680683947
6606,"2320",E-lisiere,45.078769999999999,-73.227549999999994,lisiere,mixte,296.028181060654
6607,"6320",E-lisiere,45.078769999999999,-73.227549999999994,lisiere,mixte,296.028172229388
6629,"4147",E-lisiere,45.078769999999999,-73.227549999999994,lisiere,mixte,789.40869384064
6637,"6320",E-lisiere,45.078769999999999,-73.227549999999994,lisiere,mixte,1578.81726511096
6638,"6529",E-lisiere,45.078769999999999,-73.227549999999994,lisiere,mixte,296.028210044984
6639,"6320",E-lisiere,45.078769999999999,-73.227549999999994,lisiere,mixte,789.408517272212
6640,"6529",E-lisiere,45.078769999999999,-73.227549999999994,lisiere,mixte,493.380293931667
6646,"320",E-lisiere,45.078769999999999,-73.227549999999994,lisiere,mixte,352.267678882024
6647,"6320",E-lisiere,45.078769999999999,-73.227549999999994,lisiere,mixte,296.028264643537
6648,"6147",E-lisiere,45.078769999999999,-73.227549999999994,lisiere,mixte,296.028255901823
6649,"6623",E-lisiere,45.078769999999999,-73.227549999999994,lisiere,mixte,394.704327723099
6650,"6000",E-lisiere,45.078769999999999,-73.227549999999994,lisiere,mixte,592.05645455746
6651,"6529",E-lisiere,45.078769999999999,-73.227549999999994,lisiere,mixte,296.028218550055
6652,"2529",E-lisiere,45.078769999999999,-73.227549999999994,lisiere,mixte,1282.78884659155
6662,"2147",E-lisiere,45.078769999999999,-73.227549999999994,lisiere,mixte,98.6760862481897
6663,"4147",E-lisiere,45.078769999999999,-73.227549999999994,lisiere,mixte,197.352169584978
6664,"2529",E-lisiere,45.078769999999999,-73.227549999999994,lisiere,mixte,197.352146759804
6716,"6623",E-lisiere,45.078769999999999,-73.227549999999994,lisiere,mixte,2062.4609914106
6719,"55",E-lisiere,45.078769999999999,-73.227549999999994,lisiere,mixte,19021.4087894967
6719,"55",F-lisiere,45.085120000000003,-73.224699999999999,lisiere,mixte,53203.5629698103
6737,"565",E-lisiere,45.078769999999999,-73.227549999999994,lisiere,mixte,1310.84820669997
5238,"6000",F-foret,45.086610000000000,-73.228030000000004,foret,mixte,1409.63026035241
5276,"5021",F-foret,45.086610000000000,-73.228030000000004,foret,mixte,8859.14155274708
5279,"2529",F-foret,45.086610000000000,-73.228030000000004,foret,mixte,1407.81922297378
5287,"2623",F-foret,45.086610000000000,-73.228030000000004,foret,mixte,215.390709162282
5304,"6000",F-foret,45.086610000000000,-73.228030000000004,foret,mixte,98.6760672726668
5305,"2021",F-foret,45.086610000000000,-73.228030000000004,foret,mixte,92.5529634228733
5390,"6529",F-foret,45.086610000000000,-73.228030000000004,foret,mixte,21.493358320673
5405,"6623",F-foret,45.086610000000000,-73.228030000000004,foret,mixte,1105.63999575021
5435,"2623",F-foret,45.086610000000000,-73.228030000000004,foret,mixte,1692.89800966062
5436,"2021",F-foret,45.086610000000000,-73.228030000000004,foret,mixte,98.6760584384028
5449,"6021",F-foret,45.086610000000000,-73.228030000000004,foret,mixte,14677.1135769561
5449,"6021",F-lisiere,45.085120000000003,-73.224699999999999,lisiere,mixte,259.421943455593
5450,"6000",F-foret,45.086610000000000,-73.228030000000004,foret,mixte,98.6760602270078
5451,"2021",F-foret,45.086610000000000,-73.228030000000004,foret,mixte,98.6760564836732
5471,"6000",F-foret,45.086610000000000,-73.228030000000004,foret,mixte,197.352111931017
5472,"21",F-lisiere,45.085120000000003,-73.224699999999999,lisiere,mixte,201.223629523593
5485,"6000",F-foret,45.086610000000000,-73.228030000000004,foret,mixte,296.028160551796
5486,"2021",F-foret,45.086610000000000,-73.228030000000004,foret,mixte,493.380250448798
5486,"2021",F-lisiere,45.085120000000003,-73.224699999999999,lisiere,mixte,25.0377524293763
5487,"6000",F-foret,45.086610000000000,-73.228030000000004,foret,mixte,619.091628646012
5487,"6000",F-lisiere,45.085120000000003,-73.224699999999999,lisiere,mixte,721.394357701232
5506,"6000",F-foret,45.086610000000000,-73.228030000000004,foret,mixte,197.352102175006
5506,"6000",F-lisiere,45.085120000000003,-73.224699999999999,lisiere,mixte,2.1477039219717
5507,"6000",F-foret,45.086610000000000,-73.228030000000004,foret,mixte,296.028143335599
5507,"6000",F-lisiere,45.085120000000003,-73.224699999999999,lisiere,mixte,217.068675819784
5523,"6529",F-foret,45.086610000000000,-73.228030000000004,foret,mixte,197.352125564707
5578,"2623",F-foret,45.086610000000000,-73.228030000000004,foret,mixte,155.716275320621
5579,"2521",F-foret,45.086610000000000,-73.228030000000004,foret,mixte,493.380200927699
5579,"2521",F-lisiere,45.085120000000003,-73.224699999999999,lisiere,mixte,493.380200927699
5580,"2521",F-foret,45.086610000000000,-73.228030000000004,foret,mixte,206.284895945952
5580,"2521",F-lisiere,45.085120000000003,-73.224699999999999,lisiere,mixte,789.408284736564
5592,"5529",F-foret,45.086610000000000,-73.228030000000004,foret,mixte,98.6760709473747
5612,"6529",F-foret,45.086610000000000,-73.228030000000004,foret,mixte,98.6760814842419
5613,"2521",F-foret,45.086610000000000,-73.228030000000004,foret,mixte,197.35207605816
5613,"2521",F-lisiere,45.085120000000003,-73.224699999999999,lisiere,mixte,197.35207605816
5671,"4521",F-foret,45.086610000000000,-73.228030000000004,foret,mixte,1444.2990731132
5671,"4521",F-lisiere,45.085120000000003,-73.224699999999999,lisiere,mixte,6907.32233553572
5674,"6529",F-foret,45.086610000000000,-73.228030000000004,foret,mixte,394.704325949308
5677,"4529",F-foret,45.086610000000000,-73.228030000000004,foret,mixte,197.352075854258
5677,"4529",F-lisiere,45.085120000000003,-73.224699999999999,lisiere,mixte,197.352075854258
5686,"2521",F-foret,45.086610000000000,-73.228030000000004,foret,mixte,29.6207901969974
5686,"2521",F-lisiere,45.085120000000003,-73.224699999999999,lisiere,mixte,197.352071154746
5718,"4529",F-foret,45.086610000000000,-73.228030000000004,foret,mixte,98.6760974086064
5745,"4529",F-foret,45.086610000000000,-73.228030000000004,foret,mixte,98.6760966577567
5754,"5529",F-foret,45.086610000000000,-73.228030000000004,foret,mixte,98.6760757457523
5779,"6529",F-foret,45.086610000000000,-73.228030000000004,foret,mixte,888.084734196105
5787,"6529",F-foret,45.086610000000000,-73.228030000000004,foret,mixte,3941.98037374485
5815,"6623",F-foret,45.086610000000000,-73.228030000000004,foret,mixte,60.2829151996993
5891,"2521",F-lisiere,45.085120000000003,-73.224699999999999,lisiere,mixte,98.6760381252388
5928,"4623",F-foret,45.086610000000000,-73.228030000000004,foret,mixte,2991.06266983363
5945,"4122",F-foret,45.086610000000000,-73.228030000000004,foret,mixte,5.14483040859341
5958,"5529",F-foret,45.086610000000000,-73.228030000000004,foret,mixte,98.676074701536
5959,"2521",F-lisiere,45.085120000000003,-73.224699999999999,lisiere,mixte,197.352077933552
5975,"4529",F-foret,45.086610000000000,-73.228030000000004,foret,mixte,197.352177422901
5999,"2521",F-lisiere,45.085120000000003,-73.224699999999999,lisiere,mixte,493.380197352148
6010,"2623",F-foret,45.086610000000000,-73.228030000000004,foret,mixte,196.740571298695
6109,"5529",F-foret,45.086610000000000,-73.228030000000004,foret,mixte,54.9504870598757
6116,"4320",F-lisiere,45.085120000000003,-73.224699999999999,lisiere,mixte,98.6760362548812
6147,"2529",F-foret,45.086610000000000,-73.228030000000004,foret,mixte,75083.3504260193
6158,"2521",F-lisiere,45.085120000000003,-73.224699999999999,lisiere,mixte,1282.78853251273
6238,"4521",F-lisiere,45.085120000000003,-73.224699999999999,lisiere,mixte,21017.9951102294
5524,"2020",F-lisiere,45.085120000000003,-73.224699999999999,lisiere,mixte,197.352063313243
5564,"2521",F-lisiere,45.085120000000003,-73.224699999999999,lisiere,mixte,2182.2055419368
5582,"4320",F-lisiere,45.085120000000003,-73.224699999999999,lisiere,mixte,222.951477425202
5614,"4521",F-lisiere,45.085120000000003,-73.224699999999999,lisiere,mixte,12.5352545845817
5625,"2521",F-lisiere,45.085120000000003,-73.224699999999999,lisiere,mixte,98.6760282868927
5626,"4122",F-lisiere,45.085120000000003,-73.224699999999999,lisiere,mixte,286.357092956197
5637,"2521",F-lisiere,45.085120000000003,-73.224699999999999,lisiere,mixte,394.704122882948
5638,"4521",F-lisiere,45.085120000000003,-73.224699999999999,lisiere,mixte,394.704075596819
5649,"2521",F-lisiere,45.085120000000003,-73.224699999999999,lisiere,mixte,98.6760203786253
5655,"2521",F-lisiere,45.085120000000003,-73.224699999999999,lisiere,mixte,197.352043847524
5678,"4122",F-lisiere,45.085120000000003,-73.224699999999999,lisiere,mixte,789.408155138255
5679,"320",F-lisiere,45.085120000000003,-73.224699999999999,lisiere,mixte,296.028051090077
5687,"4320",F-lisiere,45.085120000000003,-73.224699999999999,lisiere,mixte,98.6760185830062
5700,"320",F-lisiere,45.085120000000003,-73.224699999999999,lisiere,mixte,98.6760183316364
5707,"2521",F-lisiere,45.085120000000003,-73.224699999999999,lisiere,mixte,493.380136641848
5728,"4320",F-lisiere,45.085120000000003,-73.224699999999999,lisiere,mixte,98.6760214151873
5737,"4122",F-lisiere,45.085120000000003,-73.224699999999999,lisiere,mixte,197.352046675165
5738,"4320",F-lisiere,45.085120000000003,-73.224699999999999,lisiere,mixte,98.6760222733719
5746,"4529",F-lisiere,45.085120000000003,-73.224699999999999,lisiere,mixte,197.352059428929
5747,"320",F-lisiere,45.085120000000003,-73.224699999999999,lisiere,mixte,888.084185589396
5755,"2521",F-lisiere,45.085120000000003,-73.224699999999999,lisiere,mixte,296.028099417133
5756,"320",F-lisiere,45.085120000000003,-73.224699999999999,lisiere,mixte,98.6760244903853
5788,"4122",F-lisiere,45.085120000000003,-73.224699999999999,lisiere,mixte,296.028077386523
5795,"4320",F-lisiere,45.085120000000003,-73.224699999999999,lisiere,mixte,98.6760253131215
5816,"4320",F-lisiere,45.085120000000003,-73.224699999999999,lisiere,mixte,98.6760264217155
5817,"320",F-lisiere,45.085120000000003,-73.224699999999999,lisiere,mixte,98.6760254045075
5838,"4320",F-lisiere,45.085120000000003,-73.224699999999999,lisiere,mixte,98.6760274055123
5839,"320",F-lisiere,45.085120000000003,-73.224699999999999,lisiere,mixte,98.6760261115269
5862,"320",F-lisiere,45.085120000000003,-73.224699999999999,lisiere,mixte,98.6760272468091
5863,"122",F-lisiere,45.085120000000003,-73.224699999999999,lisiere,mixte,2466.90058473431
5876,"320",F-lisiere,45.085120000000003,-73.224699999999999,lisiere,mixte,98.6760283171607
5892,"4320",F-lisiere,45.085120000000003,-73.224699999999999,lisiere,mixte,98.6760292692343
5906,"320",F-lisiere,45.085120000000003,-73.224699999999999,lisiere,mixte,98.676029356604
5917,"320",F-lisiere,45.085120000000003,-73.224699999999999,lisiere,mixte,98.6760303328629
5935,"122",F-lisiere,45.085120000000003,-73.224699999999999,lisiere,mixte,14265.5953820905
5948,"55",F-lisiere,45.085120000000003,-73.224699999999999,lisiere,mixte,296.028045347077
5960,"4320",F-lisiere,45.085120000000003,-73.224699999999999,lisiere,mixte,98.6760311848193
5976,"320",F-lisiere,45.085120000000003,-73.224699999999999,lisiere,mixte,98.6760311134858
5988,"320",F-lisiere,45.085120000000003,-73.224699999999999,lisiere,mixte,197.352064371342
6011,"4055",F-lisiere,45.085120000000003,-73.224699999999999,lisiere,mixte,296.028057045129
6032,"4320",F-lisiere,45.085120000000003,-73.224699999999999,lisiere,mixte,98.6760330363468
6033,"4547",F-lisiere,45.085120000000003,-73.224699999999999,lisiere,mixte,493.380089126789
6044,"320",F-lisiere,45.085120000000003,-73.224699999999999,lisiere,mixte,98.6760333024431
6071,"547",F-lisiere,45.085120000000003,-73.224699999999999,lisiere,mixte,5920.56079869467
6076,"4320",F-lisiere,45.085120000000003,-73.224699999999999,lisiere,mixte,98.6760340875771
6089,"320",F-lisiere,45.085120000000003,-73.224699999999999,lisiere,mixte,197.352067164291
6099,"4320",F-lisiere,45.085120000000003,-73.224699999999999,lisiere,mixte,98.6760352169513
6110,"320",F-lisiere,45.085120000000003,-73.224699999999999,lisiere,mixte,197.352069371846
6125,"320",F-lisiere,45.085120000000003,-73.224699999999999,lisiere,mixte,296.028109998617
6135,"4320",F-lisiere,45.085120000000003,-73.224699999999999,lisiere,mixte,98.67603795795
6139,"4055",F-lisiere,45.085120000000003,-73.224699999999999,lisiere,mixte,98.6760301466857
6170,"4320",F-lisiere,45.085120000000003,-73.224699999999999,lisiere,mixte,98.6760391098796
6171,"4055",F-lisiere,45.085120000000003,-73.224699999999999,lisiere,mixte,197.352062324178
6182,"320",F-lisiere,45.085120000000003,-73.224699999999999,lisiere,mixte,493.380189406278
6194,"2521",F-lisiere,45.085120000000003,-73.224699999999999,lisiere,mixte,197.352085717372
6195,"320",F-lisiere,45.085120000000003,-73.224699999999999,lisiere,mixte,296.028118503804
6217,"2521",F-lisiere,45.085120000000003,-73.224699999999999,lisiere,mixte,296.028131473227
6218,"4055",F-lisiere,45.085120000000003,-73.224699999999999,lisiere,mixte,1184.11238477408
6230,"320",F-lisiere,45.085120000000003,-73.224699999999999,lisiere,mixte,690.732287064253
6268,"6320",F-lisiere,45.085120000000003,-73.224699999999999,lisiere,mixte,296.0281271438
6291,"6529",F-lisiere,45.085120000000003,-73.224699999999999,lisiere,mixte,726.949434920185
6292,"6320",F-lisiere,45.085120000000003,-73.224699999999999,lisiere,mixte,263.424344764673
5654,"6147",Francine-3,45.083750000000002,-73.105000000000004,lisiere,mixte,92.6021010015975
5654,"6147",P-lisiere,45.086219999999997,-73.103420000000000,lisiere,mixte,98.6748335002922
5683,"4147",Francine-3,45.083750000000002,-73.105000000000004,lisiere,mixte,197.34966730373
5683,"4147",P-lisiere,45.086219999999997,-73.103420000000000,lisiere,mixte,197.34966730373
5697,"6147",Francine-3,45.083750000000002,-73.105000000000004,lisiere,mixte,98.6748350926791
5697,"6147",P-lisiere,45.086219999999997,-73.103420000000000,lisiere,mixte,98.6748350926791
5753,"6529",Francine-3,45.083750000000002,-73.105000000000004,lisiere,mixte,98.6748406497063
5753,"6529",P-lisiere,45.086219999999997,-73.103420000000000,lisiere,mixte,98.6748406497063
5812,"6147",Francine-3,45.083750000000002,-73.105000000000004,lisiere,mixte,98.6748433824396
5812,"6147",P-lisiere,45.086219999999997,-73.103420000000000,lisiere,mixte,98.6748433824396
5857,"4147",Francine-3,45.083750000000002,-73.105000000000004,lisiere,mixte,888.073591926426
5857,"4147",P-lisiere,45.086219999999997,-73.103420000000000,lisiere,mixte,888.073591926426
5871,"6147",Francine-3,45.083750000000002,-73.105000000000004,lisiere,mixte,197.349693664524
5871,"6147",P-lisiere,45.086219999999997,-73.103420000000000,lisiere,mixte,197.349693664524
5943,"120",Francine-3,45.083750000000002,-73.105000000000004,lisiere,mixte,1184.0982027069
5943,"120",P-lisiere,45.086219999999997,-73.103420000000000,lisiere,mixte,1184.09750615308
5983,"4120",Francine-3,45.083750000000002,-73.105000000000004,lisiere,mixte,98.6748475976638
5983,"4120",P-lisiere,45.086219999999997,-73.103420000000000,lisiere,mixte,98.6748475976638
5994,"120",Francine-3,45.083750000000002,-73.105000000000004,lisiere,mixte,1282.77309504058
5994,"120",P-lisiere,45.086219999999997,-73.103420000000000,lisiere,mixte,109.918624533864
5994,"120",Q-lisiere,45.082180000000001,-73.108559999999997,lisiere,mixte,911.362442435755
6005,"4120",Francine-3,45.083750000000002,-73.105000000000004,lisiere,mixte,98.6748491274775
6005,"4120",P-lisiere,45.086219999999997,-73.103420000000000,lisiere,mixte,18.6739922720008
6005,"4120",Q-lisiere,45.082180000000001,-73.108559999999997,lisiere,mixte,4.11199905368267
6017,"4147",Francine-3,45.083750000000002,-73.105000000000004,lisiere,mixte,197.349718813959
6017,"4147",Q-lisiere,45.082180000000001,-73.108559999999997,lisiere,mixte,197.349718813959
6028,"6147",Francine-3,45.083750000000002,-73.105000000000004,lisiere,mixte,394.69945454254
6028,"6147",Q-lisiere,45.082180000000001,-73.108559999999997,lisiere,mixte,394.69945454254
6039,"6529",Francine-3,45.083750000000002,-73.105000000000004,lisiere,mixte,493.374037562811
6039,"6529",P-lisiere,45.086219999999997,-73.103420000000000,lisiere,mixte,493.374037562811
6061,"6529",Francine-3,45.083750000000002,-73.105000000000004,lisiere,mixte,1874.82156511012
6061,"6529",P-lisiere,45.086219999999997,-73.103420000000000,lisiere,mixte,1874.82156511012
6074,"6147",Francine-3,45.083750000000002,-73.105000000000004,lisiere,mixte,493.374367392797
6074,"6147",Q-lisiere,45.082180000000001,-73.108559999999997,lisiere,mixte,493.374367392797
6104,"120",Francine-3,45.083750000000002,-73.105000000000004,lisiere,mixte,98.6748754841974
6104,"120",Q-lisiere,45.082180000000001,-73.108559999999997,lisiere,mixte,98.6748754841974
6105,"6529",Francine-3,45.083750000000002,-73.105000000000004,lisiere,mixte,98.6748292846023
6105,"6529",P-lisiere,45.086219999999997,-73.103420000000000,lisiere,mixte,49.0176146701124
6132,"6147",Francine-3,45.083750000000002,-73.105000000000004,lisiere,mixte,394.699504333432
6132,"6147",Q-lisiere,45.082180000000001,-73.108559999999997,lisiere,mixte,394.699504333432
6190,"6529",Francine-3,45.083750000000002,-73.105000000000004,lisiere,mixte,6552.92869585945
6190,"6529",Q-lisiere,45.082180000000001,-73.108559999999997,lisiere,mixte,7597.96511207015
6534,"4529",Francine-3,45.083750000000002,-73.105000000000004,lisiere,mixte,110636.852453065
6534,"4529",P-lisiere,45.086219999999997,-73.103420000000000,lisiere,mixte,161705.113424708
6534,"4529",Q-lisiere,45.082180000000001,-73.108559999999997,lisiere,mixte,67192.6576489665
6534,"4529",W-lisiere,45.088810000000002,-73.097790000000003,lisiere,foret,47281.8656753575
7132,"147",Francine-3,45.083750000000002,-73.105000000000004,lisiere,mixte,38620.3255864798
7132,"147",P-lisiere,45.086219999999997,-73.103420000000000,lisiere,mixte,39975.7434415511
7132,"147",Q-lisiere,45.082180000000001,-73.108559999999997,lisiere,mixte,90308.8035293572
7571,"6000",Francine-3,45.083750000000002,-73.105000000000004,lisiere,mixte,118590.147810612
7571,"6000",J-foret,45.085630000000002,-73.085369999999998,foret,mixte,3603.11514897405
7571,"6000",P-lisiere,45.086219999999997,-73.103420000000000,lisiere,mixte,19984.2142848308
7571,"6000",Q-lisiere,45.082180000000001,-73.108559999999997,lisiere,mixte,108695.30875815
7571,"6000",W-lisiere,45.088810000000002,-73.097790000000003,lisiere,foret,10353.3679271622
7571,"6000",Y-lisiere,45.089779999999998,-73.091390000000004,lisiere,foret,15908.7007362064
1687,"122",G-foret,45.104979999999998,-73.201110000000000,foret,mixte,173.034628012436
1687,"122",G-lisiere,45.106470000000002,-73.197649999999996,lisiere,mixte,1372.77598217152
1688,"4120",G-foret,45.104979999999998,-73.201110000000000,foret,mixte,98.6758420174883
1689,"4122",G-foret,45.104979999999998,-73.201110000000000,foret,mixte,690.730874696397
1689,"4122",G-lisiere,45.106470000000002,-73.197649999999996,lisiere,mixte,118.28237337037
1714,"4147",G-foret,45.104979999999998,-73.201110000000000,foret,mixte,33.349512767847
1715,"4122",G-foret,45.104979999999998,-73.201110000000000,foret,mixte,381.443065077765
1773,"4147",G-foret,45.104979999999998,-73.201110000000000,foret,mixte,1085.434338222
1906,"4147",G-foret,45.104979999999998,-73.201110000000000,foret,mixte,1578.8135162101
1907,"2623",G-foret,45.104979999999998,-73.201110000000000,foret,mixte,607.73357008837
1907,"2623",G-lisiere,45.106470000000002,-73.197649999999996,lisiere,mixte,3651.0047495951
1988,"4147",G-foret,45.104979999999998,-73.201110000000000,foret,mixte,2368.22040221308
2094,"4147",G-foret,45.104979999999998,-73.201110000000000,foret,mixte,1578.81376915984
2135,"4623",G-foret,45.104979999999998,-73.201110000000000,foret,mixte,13.0748662802507
2135,"4623",G-lisiere,45.106470000000002,-73.197649999999996,lisiere,mixte,14406.6658610406
2184,"4147",G-foret,45.104979999999998,-73.201110000000000,foret,mixte,1641.37250424642
2356,"4147",G-foret,45.104979999999998,-73.201110000000000,foret,mixte,172.424075413612
2549,"147",G-foret,45.104979999999998,-73.201110000000000,foret,mixte,32340.5539727233
2579,"4529",G-foret,45.104979999999998,-73.201110000000000,foret,mixte,92035.9881562769
2579,"4529",G-lisiere,45.106470000000002,-73.197649999999996,lisiere,mixte,96684.0239022756
2970,"6000",G-foret,45.104979999999998,-73.201110000000000,foret,mixte,12491.0642163513
2970,"6000",G-lisiere,45.106470000000002,-73.197649999999996,lisiere,mixte,21292.2099681415
5272,"2529",G-foret,45.104979999999998,-73.201110000000000,foret,mixte,105954.789238641
5272,"2529",G-lisiere,45.106470000000002,-73.197649999999996,lisiere,mixte,43870.2434018858
5418,"4623",G-foret,45.104979999999998,-73.201110000000000,foret,mixte,29538.9033544431
5418,"4623",G-lisiere,45.106470000000002,-73.197649999999996,lisiere,mixte,5317.66065119416
1461,"4147",G-lisiere,45.106470000000002,-73.197649999999996,lisiere,mixte,0.409993744071471
1462,"320",G-lisiere,45.106470000000002,-73.197649999999996,lisiere,mixte,4.66274634692127
1500,"320",G-lisiere,45.106470000000002,-73.197649999999996,lisiere,mixte,296.027421017061
1518,"4122",G-lisiere,45.106470000000002,-73.197649999999996,lisiere,mixte,52.0052033542015
1548,"4147",G-lisiere,45.106470000000002,-73.197649999999996,lisiere,mixte,1677.48872823903
1549,"320",G-lisiere,45.106470000000002,-73.197649999999996,lisiere,mixte,197.351611861086
1565,"320",G-lisiere,45.106470000000002,-73.197649999999996,lisiere,mixte,592.05481962458
1591,"4122",G-lisiere,45.106470000000002,-73.197649999999996,lisiere,mixte,1915.49430419736
1618,"147",G-lisiere,45.106470000000002,-73.197649999999996,lisiere,mixte,23921.718800413
1623,"4147",G-lisiere,45.106470000000002,-73.197649999999996,lisiere,mixte,296.027404708904
1624,"320",G-lisiere,45.106470000000002,-73.197649999999996,lisiere,mixte,592.0548038173
1646,"120",G-lisiere,45.106470000000002,-73.197649999999996,lisiere,mixte,345.702795603895
1664,"4122",G-lisiere,45.106470000000002,-73.197649999999996,lisiere,mixte,98.6758345439157
1665,"120",G-lisiere,45.106470000000002,-73.197649999999996,lisiere,mixte,98.6757996200758
1666,"320",G-lisiere,45.106470000000002,-73.197649999999996,lisiere,mixte,197.35159677302
1677,"120",G-lisiere,45.106470000000002,-73.197649999999996,lisiere,mixte,2466.8947448594
1678,"6021",G-lisiere,45.106470000000002,-73.197649999999996,lisiere,mixte,96.3306188777497
1690,"120",G-lisiere,45.106470000000002,-73.197649999999996,lisiere,mixte,98.675798512093
1691,"320",G-lisiere,45.106470000000002,-73.197649999999996,lisiere,mixte,197.351594547101
1692,"6623",G-lisiere,45.106470000000002,-73.197649999999996,lisiere,mixte,197.351592560532
1693,"6623",G-lisiere,45.106470000000002,-73.197649999999996,lisiere,mixte,1677.48828411123
1730,"6623",G-lisiere,45.106470000000002,-73.197649999999996,lisiere,mixte,98.6757974864158
1743,"6623",G-lisiere,45.106470000000002,-73.197649999999996,lisiere,mixte,98.6757780480839
1763,"6320",G-lisiere,45.106470000000002,-73.197649999999996,lisiere,mixte,493.378978079651
1764,"6623",G-lisiere,45.106470000000002,-73.197649999999996,lisiere,mixte,394.703178885393
1782,"6623",G-lisiere,45.106470000000002,-73.197649999999996,lisiere,mixte,394.703113995551
1792,"6623",G-lisiere,45.106470000000002,-73.197649999999996,lisiere,mixte,98.6757950878527
1793,"6320",G-lisiere,45.106470000000002,-73.197649999999996,lisiere,mixte,296.027382381028
1804,"6623",G-lisiere,45.106470000000002,-73.197649999999996,lisiere,mixte,197.351586192905
1836,"6623",G-lisiere,45.106470000000002,-73.197649999999996,lisiere,mixte,197.351588199555
1837,"6320",G-lisiere,45.106470000000002,-73.197649999999996,lisiere,mixte,394.703172183014
1876,"2623",G-lisiere,45.106470000000002,-73.197649999999996,lisiere,mixte,296.02739532158
1885,"6529",G-lisiere,45.106470000000002,-73.197649999999996,lisiere,mixte,2370.22531294207
1886,"6623",G-lisiere,45.106470000000002,-73.197649999999996,lisiere,mixte,986.75780437878
1899,"6623",G-lisiere,45.106470000000002,-73.197649999999996,lisiere,mixte,690.730544812774
1900,"6320",G-lisiere,45.106470000000002,-73.197649999999996,lisiere,mixte,493.378954500658
1961,"6623",G-lisiere,45.106470000000002,-73.197649999999996,lisiere,mixte,197.351581807132
1962,"6529",G-lisiere,45.106470000000002,-73.197649999999996,lisiere,mixte,197.351549502986
1994,"4623",G-lisiere,45.106470000000002,-73.197649999999996,lisiere,mixte,24668.9464508078
2004,"6320",G-lisiere,45.106470000000002,-73.197649999999996,lisiere,mixte,493.378949120641
2026,"2623",G-lisiere,45.106470000000002,-73.197649999999996,lisiere,mixte,2762.92225806887
2027,"6623",G-lisiere,45.106470000000002,-73.197649999999996,lisiere,mixte,888.08203083105
2028,"6529",G-lisiere,45.106470000000002,-73.197649999999996,lisiere,mixte,98.6757758420135
2061,"6623",G-lisiere,45.106470000000002,-73.197649999999996,lisiere,mixte,296.027367820352
2062,"6320",G-lisiere,45.106470000000002,-73.197649999999996,lisiere,mixte,394.703150611487
2073,"6623",G-lisiere,45.106470000000002,-73.197649999999996,lisiere,mixte,197.351566794328
2074,"6021",G-lisiere,45.106470000000002,-73.197649999999996,lisiere,mixte,98.6757823224179
2095,"6623",G-lisiere,45.106470000000002,-73.197649999999996,lisiere,mixte,197.35156891268
2096,"6021",G-lisiere,45.106470000000002,-73.197649999999996,lisiere,mixte,98.6757834246382
2108,"6623",G-lisiere,45.106470000000002,-73.197649999999996,lisiere,mixte,98.6757877458003
2128,"6320",G-lisiere,45.106470000000002,-73.197649999999996,lisiere,mixte,888.082070258941
2132,"6623",G-lisiere,45.106470000000002,-73.197649999999996,lisiere,mixte,197.351571111998
2133,"21",G-lisiere,45.106470000000002,-73.197649999999996,lisiere,mixte,10657.0089935084
2158,"6529",G-lisiere,45.106470000000002,-73.197649999999996,lisiere,mixte,98.675781184691
2221,"20",G-lisiere,45.106470000000002,-73.197649999999996,lisiere,mixte,287.551426612772
2222,"6529",G-lisiere,45.106470000000002,-73.197649999999996,lisiere,mixte,27.6291819175822
2254,"2623",G-lisiere,45.106470000000002,-73.197649999999996,lisiere,mixte,4465.43560556239
2283,"6529",G-lisiere,45.106470000000002,-73.197649999999996,lisiere,mixte,8.87034141432378
2302,"2021",G-lisiere,45.106470000000002,-73.197649999999996,lisiere,mixte,74.5835414663306
2320,"2021",G-lisiere,45.106470000000002,-73.197649999999996,lisiere,mixte,13.3453014738916
2321,"21",G-lisiere,45.106470000000002,-73.197649999999996,lisiere,mixte,1135.21638223511
2414,"4529",G-lisiere,45.106470000000002,-73.197649999999996,lisiere,mixte,5008.38270854751
4040,"6140",H-lisiere,45.093150000000001,-73.129909999999995,lisiere,mixte,43.3025628898286
4078,"6140",H-lisiere,45.093150000000001,-73.129909999999995,lisiere,mixte,197.350238668965
4105,"140",H-lisiere,45.093150000000001,-73.129909999999995,lisiere,mixte,2167.03501862106
4112,"6529",H-lisiere,45.093150000000001,-73.129909999999995,lisiere,mixte,7909.36690834214
4137,"120",H-lisiere,45.093150000000001,-73.129909999999995,lisiere,mixte,98.6751179135754
4170,"120",H-lisiere,45.093150000000001,-73.129909999999995,lisiere,mixte,98.6751154528465
4234,"6529",H-lisiere,45.093150000000001,-73.129909999999995,lisiere,mixte,98.6751154075027
4241,"2529",H-lisiere,45.093150000000001,-73.129909999999995,lisiere,mixte,14510.9888646975
4269,"2140",H-lisiere,45.093150000000001,-73.129909999999995,lisiere,mixte,394.700469400617
4270,"6140",H-lisiere,45.093150000000001,-73.129909999999995,lisiere,mixte,592.050690476201
4309,"4147",H-lisiere,45.093150000000001,-73.129909999999995,lisiere,mixte,197.350226661656
4341,"6529",H-lisiere,45.093150000000001,-73.129909999999995,lisiere,mixte,296.025342094945
4358,"320",H-lisiere,45.093150000000001,-73.129909999999995,lisiere,mixte,2529.16667266469
4364,"6147",H-lisiere,45.093150000000001,-73.129909999999995,lisiere,mixte,690.725797220191
4392,"4147",H-lisiere,45.093150000000001,-73.129909999999995,lisiere,mixte,986.7511498534
4426,"6147",H-lisiere,45.093150000000001,-73.129909999999995,lisiere,mixte,98.6751126562012
4445,"4147",H-lisiere,45.093150000000001,-73.129909999999995,lisiere,mixte,197.350225718808
4488,"140",H-lisiere,45.093150000000001,-73.129909999999995,lisiere,mixte,16977.8151834528
4494,"6529",H-lisiere,45.093150000000001,-73.129909999999995,lisiere,mixte,17140.2236717458
4504,"6529",H-lisiere,45.093150000000001,-73.129909999999995,lisiere,mixte,493.375570234435
4517,"6529",H-lisiere,45.093150000000001,-73.129909999999995,lisiere,mixte,197.350246713613
4580,"6529",H-lisiere,45.093150000000001,-73.129909999999995,lisiere,mixte,98.6751219324069
4632,"6147",H-lisiere,45.093150000000001,-73.129909999999995,lisiere,mixte,2664.22794876684
4706,"4147",H-lisiere,45.093150000000001,-73.129909999999995,lisiere,mixte,592.050664806156
4771,"320",H-lisiere,45.093150000000001,-73.129909999999995,lisiere,mixte,2269.52748417063
4784,"6529",H-lisiere,45.093150000000001,-73.129909999999995,lisiere,mixte,296.025326592964
4810,"4147",H-lisiere,45.093150000000001,-73.129909999999995,lisiere,mixte,296.025330444565
4811,"6147",H-lisiere,45.093150000000001,-73.129909999999995,lisiere,mixte,296.025326355477
4840,"6320",H-lisiere,45.093150000000001,-73.129909999999995,lisiere,mixte,493.375532761682
4855,"6529",H-lisiere,45.093150000000001,-73.129909999999995,lisiere,mixte,98.6751085212454
4886,"6529",H-lisiere,45.093150000000001,-73.129909999999995,lisiere,mixte,98.6751063154661
4915,"4147",H-lisiere,45.093150000000001,-73.129909999999995,lisiere,mixte,789.400870876445
4916,"6147",H-lisiere,45.093150000000001,-73.129909999999995,lisiere,mixte,296.025318367407
4951,"6529",H-lisiere,45.093150000000001,-73.129909999999995,lisiere,mixte,140.353423242748
5148,"320",H-lisiere,45.093150000000001,-73.129909999999995,lisiere,mixte,501.580029482488
5415,"4529",H-lisiere,45.093150000000001,-73.129909999999995,lisiere,mixte,20409.6375127618
6082,"6000",H-lisiere,45.093150000000001,-73.129909999999995,lisiere,mixte,113337.57797089
6333,"147",H-lisiere,45.093150000000001,-73.129909999999995,lisiere,mixte,74188.8789895903
5290,"5529",J-foret,45.085630000000002,-73.085369999999998,foret,mixte,20.2973793053097
5290,"5529",Z-lisiere,45.090249999999997,-73.084270000000004,lisiere,mixte,1381.44425927865
5333,"20",Z-lisiere,45.090249999999997,-73.084270000000004,lisiere,mixte,98.6745797358453
5360,"4021",J-foret,45.085630000000002,-73.085369999999998,foret,mixte,98.6745842401288
5360,"4021",Z-lisiere,45.090249999999997,-73.084270000000004,lisiere,mixte,98.6745842401288
5376,"4021",J-foret,45.085630000000002,-73.085369999999998,foret,mixte,98.6745869404986
5376,"4021",Z-lisiere,45.090249999999997,-73.084270000000004,lisiere,mixte,98.6745869404986
5404,"4021",J-foret,45.085630000000002,-73.085369999999998,foret,mixte,98.6745913544437
5404,"4021",Z-lisiere,45.090249999999997,-73.084270000000004,lisiere,mixte,98.6745913544437
5566,"4301",J-foret,45.085630000000002,-73.085369999999998,foret,mixte,8979.39026632439
5588,"4021",J-foret,45.085630000000002,-73.085369999999998,foret,mixte,98.6746075662668
5600,"4021",J-foret,45.085630000000002,-73.085369999999998,foret,mixte,98.674605525739
5762,"4147",J-foret,45.085630000000002,-73.085369999999998,foret,mixte,98.6745855357149
5763,"6529",J-foret,45.085630000000002,-73.085369999999998,foret,mixte,197.349160979153
5763,"6529",J-lisiere,45.085830000000001,-73.080380000000005,lisiere,mixte,58.0230663154507
5776,"6529",J-foret,45.085630000000002,-73.085369999999998,foret,mixte,5607.96080628334
5776,"6529",Y-lisiere,45.089779999999998,-73.091390000000004,lisiere,foret,35605.6925219202
5776,"6529",Z-lisiere,45.090249999999997,-73.084270000000004,lisiere,mixte,1770.91954546684
5813,"6000",J-foret,45.085630000000002,-73.085369999999998,foret,mixte,4835.05399356072
5813,"6000",J-lisiere,45.085830000000001,-73.080380000000005,lisiere,mixte,4498.50280112837
5813,"6000",X-foret_X-lisiere,45.082830000000001,-73.082080000000005,foret,mixte,2361.34940771153
5858,"6529",J-foret,45.085630000000002,-73.085369999999998,foret,mixte,98.6746351912152
5859,"4147",J-foret,45.085630000000002,-73.085369999999998,foret,mixte,592.04755540617
5872,"6529",J-foret,45.085630000000002,-73.085369999999998,foret,mixte,98.6746364632854
5903,"6529",J-foret,45.085630000000002,-73.085369999999998,foret,mixte,98.6746381680132
5915,"6529",J-foret,45.085630000000002,-73.085369999999998,foret,mixte,72.3919665982248
6007,"4147",J-foret,45.085630000000002,-73.085369999999998,foret,mixte,1184.094867507
6007,"4147",J-lisiere,45.085830000000001,-73.080380000000005,lisiere,mixte,1054.69442912925
6007,"4147",X-foret_X-lisiere,45.082830000000001,-73.082080000000005,foret,mixte,1184.094867507
6018,"6529",J-foret,45.085630000000002,-73.085369999999998,foret,mixte,592.047664021549
6040,"6529",J-foret,45.085630000000002,-73.085369999999998,foret,mixte,98.6746132794069
6041,"6529",J-foret,45.085630000000002,-73.085369999999998,foret,mixte,592.047395846108
6041,"6529",J-lisiere,45.085830000000001,-73.080380000000005,lisiere,mixte,447.92125430092
6041,"6529",X-foret_X-lisiere,45.082830000000001,-73.082080000000005,foret,mixte,592.047395846108
6052,"6147",J-foret,45.085630000000002,-73.085369999999998,foret,mixte,16774.6786814946
6052,"6147",J-lisiere,45.085830000000001,-73.080380000000005,lisiere,mixte,2650.06643037585
6052,"6147",X-foret_X-lisiere,45.082830000000001,-73.082080000000005,foret,mixte,11957.497947004
6085,"6529",J-foret,45.085630000000002,-73.085369999999998,foret,mixte,98.6746150103863
6555,"6000",J-foret,45.085630000000002,-73.085369999999998,foret,mixte,51821.3060462991
6555,"6000",J-lisiere,45.085830000000001,-73.080380000000005,lisiere,mixte,354.878848887223
6555,"6000",K-foret,45.079470000000001,-73.081540000000004,foret,mixte,63771.8180968143
6555,"6000",K-lisiere,45.080539999999999,-73.077849999999998,lisiere,foret,16408.3746278089
6555,"6000",X-foret_X-lisiere,45.082830000000001,-73.082080000000005,foret,mixte,107748.278473313
7121,"4529",J-foret,45.085630000000002,-73.085369999999998,foret,mixte,48959.7479985635
7121,"4529",Y-lisiere,45.089779999999998,-73.091390000000004,lisiere,foret,71766.1591080817
7121,"4529",Z-lisiere,45.090249999999997,-73.084270000000004,lisiere,mixte,99351.6771260634
7769,"4529",J-foret,45.085630000000002,-73.085369999999998,foret,mixte,103717.396478178
7769,"4529",J-lisiere,45.085830000000001,-73.080380000000005,lisiere,mixte,196956.599720576
7769,"4529",K-foret,45.079470000000001,-73.081540000000004,foret,mixte,115360.967041188
7769,"4529",K-lisiere,45.080539999999999,-73.077849999999998,lisiere,foret,173679.108455262
7769,"4529",L-foret_O-lisiere,45.073110000000000,-73.073589999999996,lisiere,mixte,121095.943978687
7769,"4529",L-lisiere,45.074990000000000,-73.073660000000004,lisiere,mixte,144205.924261902
7769,"4529",X-foret_X-lisiere,45.082830000000001,-73.082080000000005,foret,mixte,137567.643197631
7769,"4529",Z-lisiere,45.090249999999997,-73.084270000000004,lisiere,mixte,35436.1557249515
14481,"21",J-foret,45.085630000000002,-73.085369999999998,foret,mixte,34146.5130050119
14481,"21",Z-lisiere,45.090249999999997,-73.084270000000004,lisiere,mixte,31897.9623460828
5284,"4140",J-lisiere,45.085830000000001,-73.080380000000005,lisiere,mixte,593.908437310543
5285,"140",J-lisiere,45.085830000000001,-73.080380000000005,lisiere,mixte,2050.86351364003
5427,"4158",J-lisiere,45.085830000000001,-73.080380000000005,lisiere,mixte,888.070671006804
5428,"158",J-lisiere,45.085830000000001,-73.080380000000005,lisiere,mixte,10216.4275185316
5537,"120",J-lisiere,45.085830000000001,-73.080380000000005,lisiere,mixte,690.721600143472
5622,"4147",J-lisiere,45.085830000000001,-73.080380000000005,lisiere,mixte,197.349037919426
5684,"120",J-lisiere,45.085830000000001,-73.080380000000005,lisiere,mixte,197.349041031906
5704,"120",J-lisiere,45.085830000000001,-73.080380000000005,lisiere,mixte,197.34903655079
5716,"4147",J-lisiere,45.085830000000001,-73.080380000000005,lisiere,mixte,197.349028935074
5792,"4147",J-lisiere,45.085830000000001,-73.080380000000005,lisiere,mixte,592.047098780109
5887,"6147",J-lisiere,45.085830000000001,-73.080380000000005,lisiere,mixte,98.6745175691904
5904,"4147",J-lisiere,45.085830000000001,-73.080380000000005,lisiere,mixte,1282.76867818256
5973,"4120",J-lisiere,45.085830000000001,-73.080380000000005,lisiere,mixte,197.349022978335
5996,"4147",J-lisiere,45.085830000000001,-73.080380000000005,lisiere,mixte,197.349012653925
6008,"120",J-lisiere,45.085830000000001,-73.080380000000005,lisiere,mixte,98.6745043164119
6048,"4147",J-lisiere,45.085830000000001,-73.080380000000005,lisiere,mixte,98.6745040624519
6049,"6147",J-lisiere,45.085830000000001,-73.080380000000005,lisiere,mixte,197.349003721843
6107,"4147",K-lisiere,45.080539999999999,-73.077849999999998,lisiere,foret,166.112915986683
6146,"6529",K-lisiere,45.080539999999999,-73.077849999999998,lisiere,foret,52.9783596158668
7213,"147",J-lisiere,45.085830000000001,-73.080380000000005,lisiere,mixte,58767.7190711508
7213,"147",K-lisiere,45.080539999999999,-73.077849999999998,lisiere,foret,49158.4264020769
7213,"147",L-foret_O-lisiere,45.073110000000000,-73.073589999999996,lisiere,mixte,18866.2282746439
7213,"147",L-lisiere,45.074990000000000,-73.073660000000004,lisiere,mixte,74885.9467255218
6275,"6529",X-foret_X-lisiere,45.082830000000001,-73.082080000000005,foret,mixte,394.698221353465
6460,"6529",K-foret,45.079470000000001,-73.081540000000004,foret,mixte,8782.03353114479
6460,"6529",K-lisiere,45.080539999999999,-73.077849999999998,lisiere,foret,8746.85542726493
6460,"6529",X-foret_X-lisiere,45.082830000000001,-73.082080000000005,foret,mixte,8782.03353114479
6513,"6000",K-foret,45.079470000000001,-73.081540000000004,foret,mixte,690.721906424908
6513,"6000",X-foret_X-lisiere,45.082830000000001,-73.082080000000005,foret,mixte,690.721906424908
6540,"6147",K-foret,45.079470000000001,-73.081540000000004,foret,mixte,12334.3195055888
6540,"6147",K-lisiere,45.080539999999999,-73.077849999999998,lisiere,foret,1100.7265254998
6540,"6147",X-foret_X-lisiere,45.082830000000001,-73.082080000000005,foret,mixte,11305.0261279776
6580,"6529",K-foret,45.079470000000001,-73.081540000000004,foret,mixte,98.6745459355297
6580,"6529",K-lisiere,45.080539999999999,-73.077849999999998,lisiere,foret,45.0926655254807
6581,"6529",K-foret,45.079470000000001,-73.081540000000004,foret,mixte,690.721728470584
6581,"6529",K-lisiere,45.080539999999999,-73.077849999999998,lisiere,foret,690.721728470584
6615,"4055",K-foret,45.079470000000001,-73.081540000000004,foret,mixte,208.991884348638
6615,"4055",K-lisiere,45.080539999999999,-73.077849999999998,lisiere,foret,9078.0523862578
6709,"4529",K-foret,45.079470000000001,-73.081540000000004,foret,mixte,98.6745337847387
6709,"4529",K-lisiere,45.080539999999999,-73.077849999999998,lisiere,foret,1.13082233189925
6710,"6529",K-foret,45.079470000000001,-73.081540000000004,foret,mixte,98.6745322602801
6710,"6529",K-lisiere,45.080539999999999,-73.077849999999998,lisiere,foret,53.321483678279
6745,"6529",K-foret,45.079470000000001,-73.081540000000004,foret,mixte,1973.49106189399
6746,"6529",K-foret,45.079470000000001,-73.081540000000004,foret,mixte,98.6745351554127
6772,"6529",K-foret,45.079470000000001,-73.081540000000004,foret,mixte,10656.8527064371
6772,"6529",K-lisiere,45.080539999999999,-73.077849999999998,lisiere,foret,123.779248375446
6780,"6000",K-foret,45.079470000000001,-73.081540000000004,foret,mixte,592.047218687716
6787,"6529",K-foret,45.079470000000001,-73.081540000000004,foret,mixte,690.721768162795
6798,"6000",K-foret,45.079470000000001,-73.081540000000004,foret,mixte,98.6745383396628
6803,"6529",K-foret,45.079470000000001,-73.081540000000004,foret,mixte,98.6745560743148
6826,"4147",K-foret,45.079470000000001,-73.081540000000004,foret,mixte,493.372707352217
6841,"4529",K-foret,45.079470000000001,-73.081540000000004,foret,mixte,10163.4783695627
6888,"6529",K-foret,45.079470000000001,-73.081540000000004,foret,mixte,1677.46729575982
6909,"6000",K-foret,45.079470000000001,-73.081540000000004,foret,mixte,15833.2612858855
6909,"6000",K-lisiere,45.080539999999999,-73.077849999999998,lisiere,foret,5756.59131644322
7016,"6147",K-foret,45.079470000000001,-73.081540000000004,foret,mixte,12918.9882666354
7016,"6147",K-lisiere,45.080539999999999,-73.077849999999998,lisiere,foret,30.345618420808
7331,"6000",K-foret,45.079470000000001,-73.081540000000004,foret,mixte,25349.4183321091
7331,"6000",L-foret_O-lisiere,45.073110000000000,-73.073589999999996,lisiere,mixte,3308.97441210586
7331,"6000",L-lisiere,45.074990000000000,-73.073660000000004,lisiere,mixte,4752.84538661345
6219,"4147",K-lisiere,45.080539999999999,-73.077849999999998,lisiere,foret,197.348966293968
6259,"6147",K-lisiere,45.080539999999999,-73.077849999999998,lisiere,foret,394.697932636132
6301,"6529",K-lisiere,45.080539999999999,-73.077849999999998,lisiere,foret,98.6744832062395
6311,"4147",K-lisiere,45.080539999999999,-73.077849999999998,lisiere,foret,98.6744844705681
6449,"120",K-lisiere,45.080539999999999,-73.077849999999998,lisiere,foret,98.6744830433163
6454,"4120",K-lisiere,45.080539999999999,-73.077849999999998,lisiere,foret,98.6744832516415
6455,"6147",K-lisiere,45.080539999999999,-73.077849999999998,lisiere,foret,296.023417819117
6481,"6147",K-lisiere,45.080539999999999,-73.077849999999998,lisiere,foret,197.348955732305
6482,"4147",K-lisiere,45.080539999999999,-73.077849999999998,lisiere,foret,592.046827100799
6508,"4055",K-lisiere,45.080539999999999,-73.077849999999998,lisiere,foret,1677.46604529844
6521,"4055",K-lisiere,45.080539999999999,-73.077849999999998,lisiere,foret,197.348958938383
6522,"4147",K-lisiere,45.080539999999999,-73.077849999999998,lisiere,foret,1578.79150823847
6544,"4055",K-lisiere,45.080539999999999,-73.077849999999998,lisiere,foret,789.395883131539
6556,"4055",K-lisiere,45.080539999999999,-73.077849999999998,lisiere,foret,493.372474794742
6557,"4120",K-lisiere,45.080539999999999,-73.077849999999998,lisiere,foret,197.348930278094
6566,"4122",K-lisiere,45.080539999999999,-73.077849999999998,lisiere,foret,8584.68002175097
6626,"4147",K-lisiere,45.080539999999999,-73.077849999999998,lisiere,foret,2098.40085121762
7074,"4147",L-foret_O-lisiere,45.073110000000000,-73.073589999999996,lisiere,mixte,375.56233180163
7074,"4147",L-lisiere,45.074990000000000,-73.073660000000004,lisiere,mixte,493.372185647837
7111,"120",L-foret_O-lisiere,45.073110000000000,-73.073589999999996,lisiere,mixte,98.6744349637302
7111,"120",L-lisiere,45.074990000000000,-73.073660000000004,lisiere,mixte,98.6744349637302
7144,"4120",L-foret_O-lisiere,45.073110000000000,-73.073589999999996,lisiere,mixte,98.6744349217042
7144,"4120",L-lisiere,45.074990000000000,-73.073660000000004,lisiere,mixte,98.6744349217042
7219,"4147",L-foret_O-lisiere,45.073110000000000,-73.073589999999996,lisiere,mixte,1184.0931502725
7219,"4147",L-lisiere,45.074990000000000,-73.073660000000004,lisiere,mixte,1184.0931502725
7271,"4120",L-foret_O-lisiere,45.073110000000000,-73.073589999999996,lisiere,mixte,98.6744291061186
7271,"4120",L-lisiere,45.074990000000000,-73.073660000000004,lisiere,mixte,98.6744291061186
7272,"6147",L-foret_O-lisiere,45.073110000000000,-73.073589999999996,lisiere,mixte,98.6744274134398
7272,"6147",L-lisiere,45.074990000000000,-73.073660000000004,lisiere,mixte,98.6744274134398
7287,"4147",L-foret_O-lisiere,45.073110000000000,-73.073589999999996,lisiere,mixte,197.34885319107
7287,"4147",L-lisiere,45.074990000000000,-73.073660000000004,lisiere,mixte,197.34885319107
7288,"6147",L-foret_O-lisiere,45.073110000000000,-73.073589999999996,lisiere,mixte,592.046523551748
7288,"6147",L-lisiere,45.074990000000000,-73.073660000000004,lisiere,mixte,592.046523551748
7289,"6529",L-foret_O-lisiere,45.073110000000000,-73.073589999999996,lisiere,mixte,98.6744075666647
7289,"6529",L-lisiere,45.074990000000000,-73.073660000000004,lisiere,mixte,98.6744075666647
7301,"6529",L-foret_O-lisiere,45.073110000000000,-73.073589999999996,lisiere,mixte,197.348848459194
7301,"6529",L-lisiere,45.074990000000000,-73.073660000000004,lisiere,mixte,197.348848459194
7302,"6529",L-foret_O-lisiere,45.073110000000000,-73.073589999999996,lisiere,mixte,394.697645729932
7302,"6529",L-lisiere,45.074990000000000,-73.073660000000004,lisiere,mixte,394.697645729932
7303,"6158",L-foret_O-lisiere,45.073110000000000,-73.073589999999996,lisiere,mixte,197.348815426114
7303,"6158",L-lisiere,45.074990000000000,-73.073660000000004,lisiere,mixte,197.348815426114
7350,"6529",L-foret_O-lisiere,45.073110000000000,-73.073589999999996,lisiere,mixte,197.348845648346
7350,"6529",L-lisiere,45.074990000000000,-73.073660000000004,lisiere,mixte,197.348845648346
7366,"6158",L-foret_O-lisiere,45.073110000000000,-73.073589999999996,lisiere,mixte,394.697636689991
7366,"6158",L-lisiere,45.074990000000000,-73.073660000000004,lisiere,mixte,394.697636689991
7381,"6529",L-foret_O-lisiere,45.073110000000000,-73.073589999999996,lisiere,mixte,98.6744905352825
7391,"6529",L-foret_O-lisiere,45.073110000000000,-73.073589999999996,lisiere,mixte,197.348967596714
7391,"6529",L-lisiere,45.074990000000000,-73.073660000000004,lisiere,mixte,197.348967596714
7392,"6529",L-foret_O-lisiere,45.073110000000000,-73.073589999999996,lisiere,mixte,296.023262120085
7392,"6529",L-lisiere,45.074990000000000,-73.073660000000004,lisiere,mixte,296.023262120085
7406,"6529",L-foret_O-lisiere,45.073110000000000,-73.073589999999996,lisiere,mixte,98.6744817841682
7406,"6529",L-lisiere,45.074990000000000,-73.073660000000004,lisiere,mixte,98.6744817841682
7429,"6529",L-foret_O-lisiere,45.073110000000000,-73.073589999999996,lisiere,mixte,197.348836489255
7429,"6529",L-lisiere,45.074990000000000,-73.073660000000004,lisiere,mixte,197.348836489255
7447,"6158",L-foret_O-lisiere,45.073110000000000,-73.073589999999996,lisiere,mixte,98.6744091763976
7447,"6158",L-lisiere,45.074990000000000,-73.073660000000004,lisiere,mixte,20.6255553480005
7460,"6529",L-foret_O-lisiere,45.073110000000000,-73.073589999999996,lisiere,mixte,26298.8858238704
7460,"6529",L-lisiere,45.074990000000000,-73.073660000000004,lisiere,mixte,32482.7243047893
7473,"4158",L-foret_O-lisiere,45.073110000000000,-73.073589999999996,lisiere,mixte,2072.16294373653
7473,"4158",L-lisiere,45.074990000000000,-73.073660000000004,lisiere,mixte,2072.16294373653
7474,"6529",L-foret_O-lisiere,45.073110000000000,-73.073589999999996,lisiere,mixte,296.023250499973
7474,"6529",L-lisiere,45.074990000000000,-73.073660000000004,lisiere,mixte,296.023250499973
7492,"4158",L-foret_O-lisiere,45.073110000000000,-73.073589999999996,lisiere,mixte,2072.16261758195
7492,"4158",L-lisiere,45.074990000000000,-73.073660000000004,lisiere,mixte,1746.73913718597
7513,"6158",L-foret_O-lisiere,45.073110000000000,-73.073589999999996,lisiere,mixte,98.6744151168386
7513,"6158",L-lisiere,45.074990000000000,-73.073660000000004,lisiere,mixte,45.5775526228099
7620,"147",L-foret_O-lisiere,45.073110000000000,-73.073589999999996,lisiere,mixte,296.023277384927
7643,"4147",L-foret_O-lisiere,45.073110000000000,-73.073589999999996,lisiere,mixte,1874.81411782373
7643,"4147",L-lisiere,45.074990000000000,-73.073660000000004,lisiere,mixte,0.417203280438116
7834,"4158",L-foret_O-lisiere,45.073110000000000,-73.073589999999996,lisiere,mixte,4364.11753980879
8307,"158",L-foret_O-lisiere,45.073110000000000,-73.073589999999996,lisiere,mixte,41956.8120724359
8307,"158",L-lisiere,45.074990000000000,-73.073660000000004,lisiere,mixte,5154.6739720824
9318,"2529",L-foret_O-lisiere,45.073110000000000,-73.073589999999996,lisiere,mixte,54968.9967667786
9318,"2529",L-lisiere,45.074990000000000,-73.073660000000004,lisiere,mixte,8928.2559322138
6855,"4147",L-lisiere,45.074990000000000,-73.073660000000004,lisiere,mixte,197.348896887852
6874,"120",L-lisiere,45.074990000000000,-73.073660000000004,lisiere,mixte,789.395550730522
6905,"120",L-lisiere,45.074990000000000,-73.073660000000004,lisiere,mixte,491.909944088024
7005,"4147",L-lisiere,45.074990000000000,-73.073660000000004,lisiere,mixte,1480.11663112015
7036,"4120",L-lisiere,45.074990000000000,-73.073660000000004,lisiere,mixte,98.6744411343243
13322,"5615",M-lisiere,45.021740000000001,-73.081779999999995,lisiere,mixte,98.6745369561831
13323,"5147",M-foret,45.021110000000000,-73.077699999999993,foret,foret,356.447764666635
13323,"5147",M-lisiere,45.021740000000001,-73.081779999999995,lisiere,mixte,7238.87806521822
13324,"5022",M-foret,45.021110000000000,-73.077699999999993,foret,foret,92.9391576536509
13324,"5022",N-lisiere,45.027209999999997,-73.072270000000003,lisiere,foret,51618.5814299182
13325,"6022",M-foret,45.021110000000000,-73.077699999999993,foret,foret,63.2942134842306
13331,"5615",M-lisiere,45.021740000000001,-73.081779999999995,lisiere,mixte,98.6745381960645
13332,"5000",M-foret,45.021110000000000,-73.077699999999993,foret,foret,98.6744981564116
13333,"5022",M-foret,45.021110000000000,-73.077699999999993,foret,foret,98.6744875332224
13343,"2615",M-lisiere,45.021740000000001,-73.081779999999995,lisiere,mixte,3558.08770747826
13354,"5687",M-foret,45.021110000000000,-73.077699999999993,foret,foret,197.348967624479
13395,"5565",M-foret,45.021110000000000,-73.077699999999993,foret,foret,98.6745146387839
13395,"5565",M-lisiere,45.021740000000001,-73.081779999999995,lisiere,mixte,98.6745146387839
13396,"5565",M-foret,45.021110000000000,-73.077699999999993,foret,foret,592.046914959908
13415,"5565",M-foret,45.021110000000000,-73.077699999999993,foret,foret,197.348976742243
13428,"5565",M-foret,45.021110000000000,-73.077699999999993,foret,foret,98.6744995044428
13434,"5565",M-foret,45.021110000000000,-73.077699999999993,foret,foret,493.372483047307
13467,"2565",M-foret,45.021110000000000,-73.077699999999993,foret,foret,789.395915547095
13471,"6000",M-foret,45.021110000000000,-73.077699999999993,foret,foret,670.309741885314
13471,"6000",M-lisiere,45.021740000000001,-73.081779999999995,lisiere,mixte,21104.3423066007
13471,"6000",N-lisiere,45.027209999999997,-73.072270000000003,lisiere,foret,11296.8625608629
13472,"2615",M-lisiere,45.021740000000001,-73.081779999999995,lisiere,mixte,4045.65649030218
13495,"5565",M-foret,45.021110000000000,-73.077699999999993,foret,foret,296.023523173353
13495,"5565",M-lisiere,45.021740000000001,-73.081779999999995,lisiere,mixte,296.023523173353
13511,"2565",M-foret,45.021110000000000,-73.077699999999993,foret,foret,7301.91305179981
13511,"2565",M-lisiere,45.021740000000001,-73.081779999999995,lisiere,mixte,5591.94788770616
13527,"5565",M-foret,45.021110000000000,-73.077699999999993,foret,foret,98.6745071362238
13527,"5565",M-lisiere,45.021740000000001,-73.081779999999995,lisiere,mixte,98.6745071362238
13534,"5565",M-foret,45.021110000000000,-73.077699999999993,foret,foret,197.34900948609
13534,"5565",M-lisiere,45.021740000000001,-73.081779999999995,lisiere,mixte,197.34900948609
13541,"2565",M-foret,45.021110000000000,-73.077699999999993,foret,foret,8692.72725662348
13541,"2565",M-lisiere,45.021740000000001,-73.081779999999995,lisiere,mixte,10558.1742630344
13561,"5565",M-foret,45.021110000000000,-73.077699999999993,foret,foret,592.047004593362
13561,"5565",M-lisiere,45.021740000000001,-73.081779999999995,lisiere,mixte,592.047004593362
13588,"5565",M-foret,45.021110000000000,-73.077699999999993,foret,foret,592.047105758917
13588,"5565",M-lisiere,45.021740000000001,-73.081779999999995,lisiere,mixte,592.047105758917
13599,"5565",M-foret,45.021110000000000,-73.077699999999993,foret,foret,197.349002082483
13599,"5565",M-lisiere,45.021740000000001,-73.081779999999995,lisiere,mixte,197.349002082483
13616,"5565",M-foret,45.021110000000000,-73.077699999999993,foret,foret,98.6745024441043
13616,"5565",M-lisiere,45.021740000000001,-73.081779999999995,lisiere,mixte,98.6745024441043
13632,"5565",M-foret,45.021110000000000,-73.077699999999993,foret,foret,98.6745040275855
13632,"5565",M-lisiere,45.021740000000001,-73.081779999999995,lisiere,mixte,98.6745040275855
13633,"687",M-foret,45.021110000000000,-73.077699999999993,foret,foret,10620.6757426345
13633,"687",N-foret,45.024700000000003,-73.071010000000001,foret,foret,4799.73319671446
13633,"687",N-lisiere,45.027209999999997,-73.072270000000003,lisiere,foret,23961.6219037401
13644,"5565",M-foret,45.021110000000000,-73.077699999999993,foret,foret,98.6745053309132
13644,"5565",M-lisiere,45.021740000000001,-73.081779999999995,lisiere,mixte,98.6745053309132
13657,"565",M-foret,45.021110000000000,-73.077699999999993,foret,foret,40870.9137265383
13657,"565",N-foret,45.024700000000003,-73.071010000000001,foret,foret,77626.7493355035
13657,"565",N-lisiere,45.027209999999997,-73.072270000000003,lisiere,foret,47159.5947146833
13661,"6000",M-foret,45.021110000000000,-73.077699999999993,foret,foret,31255.8731999788
13661,"6000",M-lisiere,45.021740000000001,-73.081779999999995,lisiere,mixte,20114.6574375879
13662,"5122",M-foret,45.021110000000000,-73.077699999999993,foret,foret,2170.83933517552
13662,"5122",M-lisiere,45.021740000000001,-73.081779999999995,lisiere,mixte,2170.83933517552
13671,"120",M-foret,45.021110000000000,-73.077699999999993,foret,foret,296.023581250454
13671,"120",M-lisiere,45.021740000000001,-73.081779999999995,lisiere,mixte,296.023581250454
13691,"120",M-foret,45.021110000000000,-73.077699999999993,foret,foret,574.738363440207
13691,"120",M-lisiere,45.021740000000001,-73.081779999999995,lisiere,mixte,690.721771323297
13701,"122",M-foret,45.021110000000000,-73.077699999999993,foret,foret,98.6745130115887
13701,"122",M-lisiere,45.021740000000001,-73.081779999999995,lisiere,mixte,98.6745130115887
13708,"120",M-foret,45.021110000000000,-73.077699999999993,foret,foret,296.023556722328
13708,"120",M-lisiere,45.021740000000001,-73.081779999999995,lisiere,mixte,296.023556722328
13709,"6000",M-foret,45.021110000000000,-73.077699999999993,foret,foret,296.023547848279
13709,"6000",M-lisiere,45.021740000000001,-73.081779999999995,lisiere,mixte,296.023547848279
13723,"5120",M-foret,45.021110000000000,-73.077699999999993,foret,foret,98.6745175400865
13723,"5120",M-lisiere,45.021740000000001,-73.081779999999995,lisiere,mixte,98.6745175400865
13724,"5565",M-foret,45.021110000000000,-73.077699999999993,foret,foret,98.6745158871054
13724,"5565",M-lisiere,45.021740000000001,-73.081779999999995,lisiere,mixte,98.6745158871054
13730,"5565",M-foret,45.021110000000000,-73.077699999999993,foret,foret,98.6745175335091
13730,"5565",M-lisiere,45.021740000000001,-73.081779999999995,lisiere,mixte,98.6745175335091
13738,"565",M-foret,45.021110000000000,-73.077699999999993,foret,foret,20156.8432562986
13738,"565",M-lisiere,45.021740000000001,-73.081779999999995,lisiere,mixte,25951.4023614214
13766,"565",M-lisiere,45.021740000000001,-73.081779999999995,lisiere,mixte,6216.49644275894
13771,"120",M-foret,45.021110000000000,-73.077699999999993,foret,foret,2072.16501619434
13771,"120",M-lisiere,45.021740000000001,-73.081779999999995,lisiere,mixte,2072.16501619434
13857,"120",M-lisiere,45.021740000000001,-73.081779999999995,lisiere,mixte,293.406996466394
13894,"122",M-foret,45.021110000000000,-73.077699999999993,foret,foret,13169.5727358687
13894,"122",M-lisiere,45.021740000000001,-73.081779999999995,lisiere,mixte,46816.8128177035
14130,"574",M-foret,45.021110000000000,-73.077699999999993,foret,foret,87131.8948862787
14130,"574",N-foret,45.024700000000003,-73.071010000000001,foret,foret,33684.5237641079
14130,"574",N-lisiere,45.027209999999997,-73.072270000000003,lisiere,foret,49530.3679489442
14161,"565",N-foret,45.024700000000003,-73.071010000000001,foret,foret,80150.7202318684
14161,"565",N-lisiere,45.027209999999997,-73.072270000000003,lisiere,foret,1364.73363738821
14251,"565",M-foret,45.021110000000000,-73.077699999999993,foret,foret,51362.9238609241
14251,"565",M-lisiere,45.021740000000001,-73.081779999999995,lisiere,mixte,20806.3953249424
13353,"5615",M-lisiere,45.021740000000001,-73.081779999999995,lisiere,mixte,98.6745441726525
13364,"2615",M-lisiere,45.021740000000001,-73.081779999999995,lisiere,mixte,98.6745471590548
13378,"615",M-lisiere,45.021740000000001,-73.081779999999995,lisiere,mixte,4951.65777913044
13386,"5615",M-lisiere,45.021740000000001,-73.081779999999995,lisiere,mixte,394.698185670364
13447,"5615",M-lisiere,45.021740000000001,-73.081779999999995,lisiere,mixte,98.6745516082738
13475,"5615",M-lisiere,45.021740000000001,-73.081779999999995,lisiere,mixte,690.721841172548
13510,"5615",M-lisiere,45.021740000000001,-73.081779999999995,lisiere,mixte,394.698180028994
13598,"55",M-lisiere,45.021740000000001,-73.081779999999995,lisiere,mixte,11742.2730326933
13658,"728",M-lisiere,45.021740000000001,-73.081779999999995,lisiere,mixte,28514.572824679
13670,"120",M-lisiere,45.021740000000001,-73.081779999999995,lisiere,mixte,986.74549425079
13683,"615",M-lisiere,45.021740000000001,-73.081779999999995,lisiere,mixte,28307.3786038876
13690,"565",M-lisiere,45.021740000000001,-73.081779999999995,lisiere,mixte,98.6745503499988
13742,"120",M-lisiere,45.021740000000001,-73.081779999999995,lisiere,mixte,296.023650358315
13791,"120",M-lisiere,45.021740000000001,-73.081779999999995,lisiere,mixte,98.6745486548753
13837,"120",M-lisiere,45.021740000000001,-73.081779999999995,lisiere,mixte,98.6745620816364
14258,"320",M-lisiere,45.021740000000001,-73.081779999999995,lisiere,mixte,20296.0602795062
14280,"574",M-lisiere,45.021740000000001,-73.081779999999995,lisiere,mixte,4535.54584369838
12787,"122",N-foret,45.024700000000003,-73.071010000000001,foret,foret,47.5080748001637
12787,"122",N-lisiere,45.027209999999997,-73.072270000000003,lisiere,foret,11920.8975621465
12834,"147",N-lisiere,45.027209999999997,-73.072270000000003,lisiere,foret,99.1107256989926
12850,"5022",N-lisiere,45.027209999999997,-73.072270000000003,lisiere,foret,394.69781242637
12851,"120",N-foret,45.024700000000003,-73.071010000000001,foret,foret,3.1964733183413
12851,"120",N-lisiere,45.027209999999997,-73.072270000000003,lisiere,foret,197.348787907744
12881,"5021",N-lisiere,45.027209999999997,-73.072270000000003,lisiere,foret,394.697797234403
12905,"5022",N-lisiere,45.027209999999997,-73.072270000000003,lisiere,foret,197.348897113814
12930,"22",N-lisiere,45.027209999999997,-73.072270000000003,lisiere,foret,3650.95405811031
12941,"5021",N-lisiere,45.027209999999997,-73.072270000000003,lisiere,foret,197.348897144082
12942,"5022",N-lisiere,45.027209999999997,-73.072270000000003,lisiere,foret,296.023336463608
12958,"5021",N-lisiere,45.027209999999997,-73.072270000000003,lisiere,foret,98.6744497159962
12959,"5000",N-lisiere,45.027209999999997,-73.072270000000003,lisiere,foret,6808.53709236509
12965,"5687",N-lisiere,45.027209999999997,-73.072270000000003,lisiere,foret,98.6744469145196
12988,"5687",N-lisiere,45.027209999999997,-73.072270000000003,lisiere,foret,98.674448494392
13078,"689",N-foret,45.024700000000003,-73.071010000000001,foret,foret,654.783831491659
13152,"22",N-lisiere,45.027209999999997,-73.072270000000003,lisiere,foret,22697.9430627111
13564,"570",N-foret,45.024700000000003,-73.071010000000001,foret,foret,8112.00911821886
13666,"615",N-foret,45.024700000000003,-73.071010000000001,foret,foret,77701.0960184691
13666,"615",N-lisiere,45.027209999999997,-73.072270000000003,lisiere,foret,33337.0012905606
12526,"5122",N-lisiere,45.027209999999997,-73.072270000000003,lisiere,foret,2678.36226426343
12559,"6122",N-lisiere,45.027209999999997,-73.072270000000003,lisiere,foret,13.8453095599834
12576,"6122",N-lisiere,45.027209999999997,-73.072270000000003,lisiere,foret,98.6744197920198
12596,"6000",N-lisiere,45.027209999999997,-73.072270000000003,lisiere,foret,197.348831742536
12597,"5122",N-lisiere,45.027209999999997,-73.072270000000003,lisiere,foret,1850.34228928381
12598,"6122",N-lisiere,45.027209999999997,-73.072270000000003,lisiere,foret,98.6744123760727
12610,"6022",N-lisiere,45.027209999999997,-73.072270000000003,lisiere,foret,98.6744152898318
12611,"6122",N-lisiere,45.027209999999997,-73.072270000000003,lisiere,foret,196.451482574476
12619,"6022",N-lisiere,45.027209999999997,-73.072270000000003,lisiere,foret,98.674412226479
12629,"574",N-lisiere,45.027209999999997,-73.072270000000003,lisiere,foret,165.545440437752
12638,"6000",N-lisiere,45.027209999999997,-73.072270000000003,lisiere,foret,394.697590943077
12660,"6022",N-lisiere,45.027209999999997,-73.072270000000003,lisiere,foret,417.484368844365
12661,"6022",N-lisiere,45.027209999999997,-73.072270000000003,lisiere,foret,296.023327550327
12662,"22",N-lisiere,45.027209999999997,-73.072270000000003,lisiere,foret,98.6743999461178
12671,"6022",N-lisiere,45.027209999999997,-73.072270000000003,lisiere,foret,98.6744455941371
12672,"5000",N-lisiere,45.027209999999997,-73.072270000000003,lisiere,foret,98.6744368073996
12673,"22",N-lisiere,45.027209999999997,-73.072270000000003,lisiere,foret,98.6744031139533
12684,"5000",N-lisiere,45.027209999999997,-73.072270000000003,lisiere,foret,98.6744471904822
12685,"22",N-lisiere,45.027209999999997,-73.072270000000003,lisiere,foret,98.6744059420307
12694,"22",N-lisiere,45.027209999999997,-73.072270000000003,lisiere,foret,98.6744076892501
12700,"6022",N-lisiere,45.027209999999997,-73.072270000000003,lisiere,foret,98.6744530751021
12701,"5000",N-lisiere,45.027209999999997,-73.072270000000003,lisiere,foret,98.6744484138908
12769,"22",N-lisiere,45.027209999999997,-73.072270000000003,lisiere,foret,2170.83716549387
12770,"120",N-lisiere,45.027209999999997,-73.072270000000003,lisiere,foret,888.069477003999
12812,"5000",N-lisiere,45.027209999999997,-73.072270000000003,lisiere,foret,2540.63648873806
12813,"5022",N-lisiere,45.027209999999997,-73.072270000000003,lisiere,foret,1973.48928052746
12822,"5022",N-lisiere,45.027209999999997,-73.072270000000003,lisiere,foret,334.831165997777
12858,"5022",N-lisiere,45.027209999999997,-73.072270000000003,lisiere,foret,197.348929656902
12864,"5000",N-lisiere,45.027209999999997,-73.072270000000003,lisiere,foret,98.6744713276275
12875,"5021",N-lisiere,45.027209999999997,-73.072270000000003,lisiere,foret,98.6744709144114
12896,"5020",N-lisiere,45.027209999999997,-73.072270000000003,lisiere,foret,53.3899680652976
12904,"5021",N-lisiere,45.027209999999997,-73.072270000000003,lisiere,foret,37.7183288533706
13286,"122",N-lisiere,45.027209999999997,-73.072270000000003,lisiere,foret,1474.13437922772
5189,"158",P-lisiere,45.086219999999997,-73.103420000000000,lisiere,mixte,431.458502004272
5189,"158",W-lisiere,45.088810000000002,-73.097790000000003,lisiere,foret,87957.6090420736
5189,"158",Y-lisiere,45.089779999999998,-73.091390000000004,lisiere,foret,23614.2963207485
5232,"4158",P-lisiere,45.086219999999997,-73.103420000000000,lisiere,mixte,506.72452572218
5233,"4158",P-lisiere,45.086219999999997,-73.103420000000000,lisiere,mixte,222.587225082621
5235,"4158",W-lisiere,45.088810000000002,-73.097790000000003,lisiere,foret,2466.86918974412
5446,"4565",P-lisiere,45.086219999999997,-73.103420000000000,lisiere,mixte,340.406632434228
5446,"4565",W-lisiere,45.088810000000002,-73.097790000000003,lisiere,foret,37397.7323740303
5481,"4732",P-lisiere,45.086219999999997,-73.103420000000000,lisiere,mixte,197.349661733722
5520,"4732",P-lisiere,45.086219999999997,-73.103420000000000,lisiere,mixte,197.349664405803
5557,"732",P-lisiere,45.086219999999997,-73.103420000000000,lisiere,mixte,15056.4567244437
5599,"4547",P-lisiere,45.086219999999997,-73.103420000000000,lisiere,mixte,37868.9275698869
5599,"4547",W-lisiere,45.088810000000002,-73.097790000000003,lisiere,foret,16740.7206931707
5610,"4147",P-lisiere,45.086219999999997,-73.103420000000000,lisiere,mixte,98.6748393799062
5620,"120",P-lisiere,45.086219999999997,-73.103420000000000,lisiere,mixte,197.349665910238
5621,"6529",P-lisiere,45.086219999999997,-73.103420000000000,lisiere,mixte,98.674830686301
5636,"6147",P-lisiere,45.086219999999997,-73.103420000000000,lisiere,mixte,98.6748320667539
5645,"6529",P-lisiere,45.086219999999997,-73.103420000000000,lisiere,mixte,98.674832458375
6106,"6529",P-lisiere,45.086219999999997,-73.103420000000000,lisiere,mixte,197.05878857919
6211,"120",Q-lisiere,45.082180000000001,-73.108559999999997,lisiere,mixte,296.02464513178
6227,"6529",Q-lisiere,45.082180000000001,-73.108559999999997,lisiere,mixte,98.6748807911063
6235,"6147",Q-lisiere,45.082180000000001,-73.108559999999997,lisiere,mixte,592.049311655923
6241,"120",Q-lisiere,45.082180000000001,-73.108559999999997,lisiere,mixte,98.6748904295382
6274,"6529",Q-lisiere,45.082180000000001,-73.108559999999997,lisiere,mixte,2368.19729245291
6310,"6147",Q-lisiere,45.082180000000001,-73.108559999999997,lisiere,mixte,592.0493564973
6341,"4147",Q-lisiere,45.082180000000001,-73.108559999999997,lisiere,mixte,98.674892008421
6351,"4147",Q-lisiere,45.082180000000001,-73.108559999999997,lisiere,mixte,98.6748934541247
6391,"4147",Q-lisiere,45.082180000000001,-73.108559999999997,lisiere,mixte,98.6748950327164
6417,"4147",Q-lisiere,45.082180000000001,-73.108559999999997,lisiere,mixte,888.074084749445
6448,"4147",Q-lisiere,45.082180000000001,-73.108559999999997,lisiere,mixte,98.6749058649293
6480,"4147",Q-lisiere,45.082180000000001,-73.108559999999997,lisiere,mixte,98.6749070651131
6498,"6147",Q-lisiere,45.082180000000001,-73.108559999999997,lisiere,mixte,98.6749097741558
6505,"6147",Q-lisiere,45.082180000000001,-73.108559999999997,lisiere,mixte,73.8419936691935
6506,"4147",Q-lisiere,45.082180000000001,-73.108559999999997,lisiere,mixte,394.699636688048
6618,"6020",Q-lisiere,45.082180000000001,-73.108559999999997,lisiere,mixte,91.1081631621655
6634,"6529",Q-lisiere,45.082180000000001,-73.108559999999997,lisiere,mixte,354.749791728274
7120,"4547",Q-lisiere,45.082180000000001,-73.108559999999997,lisiere,mixte,0.182404388577197
7339,"2529",Q-lisiere,45.082180000000001,-73.108559999999997,lisiere,mixte,52.2802554898371
4857,"147",W-lisiere,45.088810000000002,-73.097790000000003,lisiere,foret,2122.90736903864
4857,"147",Y-lisiere,45.089779999999998,-73.091390000000004,lisiere,foret,55730.7575451463
4857,"147",Z-lisiere,45.090249999999997,-73.084270000000004,lisiere,mixte,47702.5254558448
5008,"547",W-lisiere,45.088810000000002,-73.097790000000003,lisiere,foret,98.6747176856734
5023,"4158",Y-lisiere,45.089779999999998,-73.091390000000004,lisiere,foret,888.072286119335
5048,"4158",W-lisiere,45.088810000000002,-73.097790000000003,lisiere,foret,1973.49478015426
5049,"4158",W-lisiere,45.088810000000002,-73.097790000000003,lisiere,foret,1184.09667874547
5050,"4158",W-lisiere,45.088810000000002,-73.097790000000003,lisiere,foret,590.431216889177
5050,"4158",Y-lisiere,45.089779999999998,-73.091390000000004,lisiere,foret,789.397668175749
5131,"120",W-lisiere,45.088810000000002,-73.097790000000003,lisiere,foret,197.349488245207
5140,"565",W-lisiere,45.088810000000002,-73.097790000000003,lisiere,foret,394.699027434166
5173,"4158",W-lisiere,45.088810000000002,-73.097790000000003,lisiere,foret,1381.44648627407
5215,"120",W-lisiere,45.088810000000002,-73.097790000000003,lisiere,foret,1071.23643457092
5358,"4565",W-lisiere,45.088810000000002,-73.097790000000003,lisiere,foret,18802.1025536944
5358,"4565",Y-lisiere,45.089779999999998,-73.091390000000004,lisiere,foret,32178.9292305836
5375,"4529",W-lisiere,45.088810000000002,-73.097790000000003,lisiere,foret,161.524216989696
5375,"4529",Y-lisiere,45.089779999999998,-73.091390000000004,lisiere,foret,197.349407987145
5395,"4529",W-lisiere,45.088810000000002,-73.097790000000003,lisiere,foret,1085.42181162286
5395,"4529",Y-lisiere,45.089779999999998,-73.091390000000004,lisiere,foret,0.0442755899257463
5403,"4529",W-lisiere,45.088810000000002,-73.097790000000003,lisiere,foret,197.349434029893
5464,"4547",W-lisiere,45.088810000000002,-73.097790000000003,lisiere,foret,43712.905209501
5464,"4547",Y-lisiere,45.089779999999998,-73.091390000000004,lisiere,foret,2680.66742286438
5498,"2529",W-lisiere,45.088810000000002,-73.097790000000003,lisiere,foret,6622.74536829215
5498,"2529",Y-lisiere,45.089779999999998,-73.091390000000004,lisiere,foret,13638.6496203494
5535,"2529",W-lisiere,45.088810000000002,-73.097790000000003,lisiere,foret,98.6747260328266
5536,"6529",W-lisiere,45.088810000000002,-73.097790000000003,lisiere,foret,98.6747117858613
5547,"6529",W-lisiere,45.088810000000002,-73.097790000000003,lisiere,foret,789.397729459684
6236,"6529",X-foret_X-lisiere,45.082830000000001,-73.082080000000005,foret,mixte,98.6745590143837
6242,"6529",X-foret_X-lisiere,45.082830000000001,-73.082080000000005,foret,mixte,98.6745573413209
4841,"120",Y-lisiere,45.089779999999998,-73.091390000000004,lisiere,foret,789.3970998273
4858,"120",Y-lisiere,45.089779999999998,-73.091390000000004,lisiere,foret,1282.77056125214
4859,"120",Z-lisiere,45.090249999999997,-73.084270000000004,lisiere,mixte,296.023871050857
4872,"4147",Y-lisiere,45.089779999999998,-73.091390000000004,lisiere,foret,394.698567372863
4873,"4147",Y-lisiere,45.089779999999998,-73.091390000000004,lisiere,foret,417.386049604276
4873,"4147",Z-lisiere,45.090249999999997,-73.084270000000004,lisiere,mixte,83.202140032663
4887,"4147",Y-lisiere,45.089779999999998,-73.091390000000004,lisiere,foret,197.349295427266
4939,"4158",Y-lisiere,45.089779999999998,-73.091390000000004,lisiere,foret,98.6746759251109
4940,"4253",Y-lisiere,45.089779999999998,-73.091390000000004,lisiere,foret,98.6746469030622
4952,"4147",Y-lisiere,45.089779999999998,-73.091390000000004,lisiere,foret,1381.44542277697
4976,"4120",Y-lisiere,45.089779999999998,-73.091390000000004,lisiere,foret,394.698709536751
4990,"4158",Y-lisiere,45.089779999999998,-73.091390000000004,lisiere,foret,296.024049215834
5116,"4253",Y-lisiere,45.089779999999998,-73.091390000000004,lisiere,foret,14761.1237769892
5116,"4253",Z-lisiere,45.090249999999997,-73.084270000000004,lisiere,mixte,5229.16679245078
5152,"6253",Y-lisiere,45.089779999999998,-73.091390000000004,lisiere,foret,9374.09062838461
5152,"6253",Z-lisiere,45.090249999999997,-73.084270000000004,lisiere,mixte,313.787986317358
5332,"4529",Y-lisiere,45.089779999999998,-73.091390000000004,lisiere,foret,98.6746962315519
5345,"2565",Y-lisiere,45.089779999999998,-73.091390000000004,lisiere,foret,98.6746974361595
5359,"2565",Y-lisiere,45.089779999999998,-73.091390000000004,lisiere,foret,98.6747000803589
4520,"122",Z-lisiere,45.090249999999997,-73.084270000000004,lisiere,mixte,98.5678137288778
4547,"7122",Z-lisiere,45.090249999999997,-73.084270000000004,lisiere,mixte,121.276783532754
4564,"147",Z-lisiere,45.090249999999997,-73.084270000000004,lisiere,mixte,196.091391954862
4582,"7120",Z-lisiere,45.090249999999997,-73.084270000000004,lisiere,mixte,1082.0664506398
4645,"147",Z-lisiere,45.090249999999997,-73.084270000000004,lisiere,mixte,193.01781514578
4690,"4147",Z-lisiere,45.090249999999997,-73.084270000000004,lisiere,mixte,98.6745530735352
4708,"7120",Z-lisiere,45.090249999999997,-73.084270000000004,lisiere,mixte,493.372775809024
4709,"120",Z-lisiere,45.090249999999997,-73.084270000000004,lisiere,mixte,394.698215405748
4723,"4021",Z-lisiere,45.090249999999997,-73.084270000000004,lisiere,mixte,83.1549622722669
4749,"4021",Z-lisiere,45.090249999999997,-73.084270000000004,lisiere,mixte,197.349094367819
4761,"120",Z-lisiere,45.090249999999997,-73.084270000000004,lisiere,mixte,296.023666001449
4769,"4021",Z-lisiere,45.090249999999997,-73.084270000000004,lisiere,mixte,98.6745486274012
4779,"4529",Z-lisiere,45.090249999999997,-73.084270000000004,lisiere,mixte,3607.66367872729
4813,"4021",Z-lisiere,45.090249999999997,-73.084270000000004,lisiere,mixte,98.6745499453391
4842,"7147",Z-lisiere,45.090249999999997,-73.084270000000004,lisiere,mixte,23012.1220651507
4843,"7120",Z-lisiere,45.090249999999997,-73.084270000000004,lisiere,mixte,197.349139989528
4844,"7120",Z-lisiere,45.090249999999997,-73.084270000000004,lisiere,mixte,592.04733494122
4845,"7529",Z-lisiere,45.090249999999997,-73.084270000000004,lisiere,mixte,98.6745532132918
4846,"4021",Z-lisiere,45.090249999999997,-73.084270000000004,lisiere,mixte,98.6745516092633
4860,"4147",Z-lisiere,45.090249999999997,-73.084270000000004,lisiere,mixte,690.722314396931
4861,"120",Z-lisiere,45.090249999999997,-73.084270000000004,lisiere,mixte,98.6745975543745
4862,"4147",Z-lisiere,45.090249999999997,-73.084270000000004,lisiere,mixte,592.047570531373
4863,"4021",Z-lisiere,45.090249999999997,-73.084270000000004,lisiere,mixte,98.6745531082852
4864,"4529",Z-lisiere,45.090249999999997,-73.084270000000004,lisiere,mixte,497.82350630092
4874,"20",Z-lisiere,45.090249999999997,-73.084270000000004,lisiere,mixte,98.6745532331988
4875,"4021",Z-lisiere,45.090249999999997,-73.084270000000004,lisiere,mixte,98.6745414769975
4876,"4122",Z-lisiere,45.090249999999997,-73.084270000000004,lisiere,mixte,950.324514508538
4888,"7120",Z-lisiere,45.090249999999997,-73.084270000000004,lisiere,mixte,789.396491963707
4905,"7529",Z-lisiere,45.090249999999997,-73.084270000000004,lisiere,mixte,3354.93534707825
4932,"120",Z-lisiere,45.090249999999997,-73.084270000000004,lisiere,mixte,419.008060303982
4941,"20",Z-lisiere,45.090249999999997,-73.084270000000004,lisiere,mixte,98.6745560586569
4963,"7529",Z-lisiere,45.090249999999997,-73.084270000000004,lisiere,mixte,197.349127048976
4991,"7529",Z-lisiere,45.090249999999997,-73.084270000000004,lisiere,mixte,98.6745648534852
4992,"4122",Z-lisiere,45.090249999999997,-73.084270000000004,lisiere,mixte,149.127628146409
5000,"7529",Z-lisiere,45.090249999999997,-73.084270000000004,lisiere,mixte,98.6745664484333
5009,"7529",Z-lisiere,45.090249999999997,-73.084270000000004,lisiere,mixte,98.6745796760079
5010,"7529",Z-lisiere,45.090249999999997,-73.084270000000004,lisiere,mixte,98.6745678886655
5024,"7253",Z-lisiere,45.090249999999997,-73.084270000000004,lisiere,mixte,7893.96572038229
5051,"7529",Z-lisiere,45.090249999999997,-73.084270000000004,lisiere,mixte,98.6745809313725
5052,"7253",Z-lisiere,45.090249999999997,-73.084270000000004,lisiere,mixte,98.6745797885815
5053,"7529",Z-lisiere,45.090249999999997,-73.084270000000004,lisiere,mixte,98.6745695935679
5071,"5529",Z-lisiere,45.090249999999997,-73.084270000000004,lisiere,mixte,197.349165165913
5072,"7529",Z-lisiere,45.090249999999997,-73.084270000000004,lisiere,mixte,197.349141690647
5100,"5529",Z-lisiere,45.090249999999997,-73.084270000000004,lisiere,mixte,98.6745842050877
5101,"7529",Z-lisiere,45.090249999999997,-73.084270000000004,lisiere,mixte,98.6745722055784
5117,"5529",Z-lisiere,45.090249999999997,-73.084270000000004,lisiere,mixte,98.6745857856004
5118,"7253",Z-lisiere,45.090249999999997,-73.084270000000004,lisiere,mixte,197.349152031296
5119,"7529",Z-lisiere,45.090249999999997,-73.084270000000004,lisiere,mixte,98.6745737214806
5132,"5529",Z-lisiere,45.090249999999997,-73.084270000000004,lisiere,mixte,98.6745871504536
5133,"7529",Z-lisiere,45.090249999999997,-73.084270000000004,lisiere,mixte,98.6745752616553
5141,"5529",Z-lisiere,45.090249999999997,-73.084270000000004,lisiere,mixte,98.674588784168
5147,"5529",Z-lisiere,45.090249999999997,-73.084270000000004,lisiere,mixte,98.6745900541428
5150,"122",Z-lisiere,45.090249999999997,-73.084270000000004,lisiere,mixte,94.7346571516246
5190,"5529",Z-lisiere,45.090249999999997,-73.084270000000004,lisiere,mixte,98.6745914864005
5199,"4253",Z-lisiere,45.090249999999997,-73.084270000000004,lisiere,mixte,493.372968973999
5200,"5253",Z-lisiere,45.090249999999997,-73.084270000000004,lisiere,mixte,8979.38712374127
5246,"5529",Z-lisiere,45.090249999999997,-73.084270000000004,lisiere,mixte,98.6745825927937
,,C-foret,45.059890000000003,-73.288010000000000,foret,foret,4.06094477511942e-05
,,C-lisiere,45.062519999999999,-73.287289999999999,lisiere,foret,4.00245189666748e-05
,,E-foret,45.076079999999997,-73.228089999999995,foret,mixte,1.88021222129464e-05
,,E-lisiere,45.078769999999999,-73.227549999999994,lisiere,mixte,5.97287762502674e-05
,,F-foret,45.086610000000000,-73.228030000000004,foret,mixte,5.09178498759866e-05
,,F-lisiere,45.085120000000003,-73.224699999999999,lisiere,mixte,4.57782298326492e-05
,,G-foret,45.104979999999998,-73.201110000000000,foret,mixte,2.82973051071167e-05
,,G-lisiere,45.106470000000002,-73.197649999999996,lisiere,mixte,0.000154971048687003
,,H-lisiere,45.093150000000001,-73.129909999999995,lisiere,mixte,5.07042277604342e-05
,,J-foret,45.085630000000002,-73.085369999999998,foret,mixte,1.87295481737237e-05
,,J-lisiere,45.085830000000001,-73.080380000000005,lisiere,mixte,4.6253942855401e-05
,,K-foret,45.079470000000001,-73.081540000000004,foret,mixte,2.87806615233421e-05
,,K-lisiere,45.080539999999999,-73.077849999999998,lisiere,foret,3.3453106880188e-06
,,L-foret_O-lisiere,45.073110000000000,-73.073589999999996,lisiere,mixte,-1.20839104056358e-06
,,L-lisiere,45.074990000000000,-73.073660000000004,lisiere,mixte,3.03442939184606e-05
,,M-foret,45.021110000000000,-73.077699999999993,foret,foret,1.50464329635724e-05
,,M-lisiere,45.021740000000001,-73.081779999999995,lisiere,mixte,5.76924066990614e-05
,,N-foret,45.024700000000003,-73.071010000000001,foret,foret,4.21865843236446e-06
,,N-lisiere,45.027209999999997,-73.072270000000003,lisiere,foret,3.4593675081851e-05
,,Q-lisiere,45.082180000000001,-73.108559999999997,lisiere,mixte,2.60947272181511e-05
,,X-foret_X-lisiere,45.082830000000001,-73.082080000000005,foret,mixte,0
,,Y-lisiere,45.089779999999998,-73.091390000000004,lisiere,foret,1.96534674614668e-05
,,Z-lisiere,45.090249999999997,-73.084270000000004,lisiere,mixte,5.51627158099739e-05
